folder,our_frame,make,zi_test_bike,type,match_score,wheel,power_W,zi_mass_kg_s0,game_mass_kg_s0,mass_diff_kg_s0,zi_cda_m2_s0,game_cda_m2_s0,cda_diff_m2_s0,zi_mass_kg_s1,game_mass_kg_s1,mass_diff_kg_s1,zi_cda_m2_s1,game_cda_m2_s1,cda_diff_m2_s1,zi_mass_kg_s2,game_mass_kg_s2,mass_diff_kg_s2,zi_cda_m2_s2,game_cda_m2_s2,cda_diff_m2_s2,zi_mass_kg_s3,game_mass_kg_s3,mass_diff_kg_s3,zi_cda_m2_s3,game_cda_m2_s3,cda_diff_m2_s3,zi_mass_kg_s4,game_mass_kg_s4,mass_diff_kg_s4,zi_cda_m2_s4,game_cda_m2_s4,cda_diff_m2_s4,zi_mass_kg_s5,game_mass_kg_s5,mass_diff_kg_s5,zi_cda_m2_s5,game_cda_m2_s5,cda_diff_m2_s5
AlliedAble2022,Allied AlliedAble2022,Allied,Allied Able,GRAVEL,0.67,Zwift Gravel,300.0,82.353,82.455,-0.102,0.30955,0.31041,0.00086,82.331,82.455,-0.124,0.30732,0.30826,0.00094,81.723,81.847,-0.124,0.30722,0.30826,0.00104,81.501,81.625,-0.124,0.30406,0.30521,0.00115,81.493,81.625,-0.131,0.30312,0.3043,0.00118,81.509,81.625,-0.116,0.30328,0.3043,0.00102
BMCRoadMachine2021,BMC BMCRoadMachine2021,BMC,BMC Roadmachine,STANDARD,0.2,Zwift 32mm Carbon,300.0,81.94,81.93,0.01,0.31403,0.31379,-0.00024,81.927,81.93,-0.003,0.31098,0.31084,-0.00014,81.354,81.356,-0.003,0.31082,0.31084,2e-05,81.114,81.117,-0.003,0.30795,0.30807,0.00012,81.099,81.117,-0.017,0.30707,0.30721,0.00015,81.114,81.117,-0.003,0.30711,0.30721,0.0001
BmcTeamMachine2022,BMC BmcTeamMachine2022,BMC,BMC TeamMachine,STANDARD,0.67,Zwift 32mm Carbon,300.0,81.583,81.57,0.013,0.30516,0.30509,-7e-05,81.585,81.57,0.015,0.30216,0.30219,3e-05,81.173,81.159,0.015,0.30207,0.30219,0.00013,80.929,80.914,0.015,0.29924,0.29946,0.00022,80.935,80.914,0.021,0.29827,0.29852,0.00025,80.752,80.73,0.021,0.29829,0.29852,0.00023
BmcSLR01,BMC SLR01,BMC,BMC SLR01,STANDARD,1.3,Zwift 32mm Carbon,300.0,81.718,81.71,0.008,0.31395,0.31379,-0.00016,81.72,81.71,0.01,0.31096,0.3109,-6e-05,81.321,81.31,0.01,0.31083,0.3109,7e-05,81.089,81.079,0.01,0.30794,0.30811,0.00017,81.09,81.079,0.011,0.30705,0.30725,0.0002,80.887,80.876,0.011,0.30704,0.30725,0.00021
BmcTimemachine01,BMC Timemachine01,BMC,BMC Timemachine01,TT,1.3,Zwift 32mm Carbon,300.0,84.126,84.17,-0.044,0.275,0.27513,0.00012,84.128,84.17,-0.042,0.27301,0.2732,0.00019,83.812,83.854,-0.042,0.27291,0.2732,0.00029,83.578,83.62,-0.042,0.27011,0.2705,0.00038,83.57,83.62,-0.05,0.26437,0.26494,0.00057,83.525,83.62,-0.095,0.26443,0.26494,0.00051
BridgestoneOVS2021,Bridgestone BridgestoneOVS2021,Bridgestone,Bridgestone Anchor RS9s,STANDARD,0.14,Zwift 32mm Carbon,300.0,81.399,81.39,0.009,0.31396,0.31379,-0.00017,81.416,81.39,0.026,0.31238,0.31226,-0.00012,80.216,80.19,0.026,0.31228,0.31226,-2e-05,79.991,79.965,0.026,0.30942,0.30949,8e-05,79.976,79.965,0.011,0.30893,0.30902,9e-05,79.967,79.965,0.002,0.30901,0.30902,1e-05
CadexTri2022,Cadex CadexTri2022,Cadex,Cadex Tri,TT,0.67,Zwift 32mm Carbon,300.0,84.012,84.08,-0.068,0.26919,0.26933,0.00014,84.008,84.08,-0.072,0.26716,0.26737,0.00021,83.823,83.895,-0.072,0.26706,0.26737,0.00031,83.564,83.636,-0.072,0.26434,0.26475,0.0004,83.454,83.526,-0.072,0.26441,0.26475,0.00034,83.453,83.526,-0.073,0.2587,0.25923,0.00053
CannondaleCaad12,Cannondale CAAD12,Cannondale,Cannondale CAAD12,STANDARD,1.3,Zwift 32mm Carbon,300.0,82.469,82.45,0.019,0.31403,0.31379,-0.00024,82.456,82.45,0.006,0.31003,0.30992,-0.00011,81.856,81.849,0.006,0.30993,0.30992,-0.0,81.62,81.614,0.006,0.30702,0.30711,9e-05,81.619,81.614,0.005,0.30699,0.30711,0.00012,81.617,81.614,0.003,0.30714,0.30711,-2e-05
CannondaleCAAD132023,Cannondale CAAD13,Cannondale,Cannondale CAAD13,STANDARD,1.05,Zwift 32mm Carbon,300.0,81.853,81.85,0.003,0.30064,0.30065,1e-05,81.835,81.85,-0.015,0.29769,0.2978,0.00011,81.265,81.28,-0.015,0.29757,0.2978,0.00023,81.012,81.028,-0.015,0.29479,0.29512,0.00032,81.007,81.028,-0.02,0.29382,0.29418,0.00036,80.988,81.028,-0.039,0.29399,0.29418,0.00019
CannondalePong,Cannondale CannondaleR4000RollerBlade,Cannondale,Cannondale R4000 Roller Blade,CONCEPT,1.13,Cannondale R4000 Roller Blade,300.0,82.631,82.65,-0.019,0.2847,0.28479,9e-05,82.626,82.65,-0.024,0.28175,0.28194,0.00019,82.216,82.24,-0.024,0.28166,0.28194,0.00028,81.959,81.983,-0.024,0.27891,0.27928,0.00037,81.975,81.983,-0.008,0.27796,0.27836,0.0004,81.805,81.813,-0.008,0.27801,0.27836,0.00035
CannondaleSuperSixEvo2026,Cannondale CannondaleSuperSixEvo2026,Cannondale,Cannondale SuperSix EVO LAB71 Team,STANDARD,0.57,Zwift 32mm Carbon,300.0,81.215,81.2,0.015,0.30042,0.29997,-0.00045,81.191,81.2,-0.009,0.29748,0.29713,-0.00035,80.794,80.802,-0.009,0.29742,0.29713,-0.0003,80.548,80.557,-0.009,0.29464,0.29444,-0.0002,80.555,80.557,-0.001,0.29357,0.29341,-0.00017,80.346,80.348,-0.001,0.29366,0.29341,-0.00025
CannondaleEvo,Cannondale EVO,Cannondale,Cannondale EVO,STANDARD,1.0,Zwift 32mm Carbon,300.0,81.334,81.31,0.024,0.31393,0.31379,-0.00014,81.328,81.31,0.018,0.31092,0.31089,-4e-05,80.744,80.726,0.018,0.3108,0.31089,9e-05,80.469,80.451,0.018,0.30797,0.30815,0.00018,80.497,80.451,0.047,0.30694,0.30715,0.00021,80.486,80.451,0.036,0.30702,0.30715,0.00013
CannondaleSuperSixEVOLAB712024,Cannondale Super Six EVO LAB71,Cannondale,Cannondale SuperSix Evo LAB71,STANDARD,1.05,Zwift 32mm Carbon,300.0,81.257,81.25,0.007,0.30017,0.30016,-1e-05,81.244,81.25,-0.006,0.29721,0.2973,9e-05,80.845,80.85,-0.006,0.29711,0.2973,0.00019,80.613,80.619,-0.006,0.2943,0.29458,0.00028,80.605,80.619,-0.014,0.29338,0.2937,0.00031,80.403,80.417,-0.014,0.29351,0.2937,0.00019
CannondaleSuperSixEVO2020,Cannondale Super Six Evo,Cannondale,Cannondale Super Six Evo,STANDARD,0.8,Zwift 32mm Carbon,300.0,81.489,81.49,-0.001,0.3042,0.30413,-8e-05,81.481,81.49,-0.009,0.30123,0.30125,2e-05,81.091,81.099,-0.009,0.30108,0.30125,0.00017,80.857,80.866,-0.009,0.29819,0.29846,0.00027,80.85,80.866,-0.016,0.29734,0.29764,0.0003,80.638,80.655,-0.016,0.29739,0.29764,0.00024
CannondaleSuperXBikeLAB712025,Cannondale Super X Bike LAB71,Cannondale,Cannondale SuperX LAB71,GRAVEL,1.01,Zwift Gravel,300.0,81.902,82.05,-0.148,0.30299,0.30335,0.00037,81.927,82.05,-0.123,0.3,0.30047,0.00047,81.537,81.66,-0.123,0.30003,0.30047,0.00044,81.296,81.42,-0.123,0.29698,0.29752,0.00054,81.286,81.42,-0.133,0.29606,0.29663,0.00057,81.085,81.218,-0.133,0.29612,0.29663,0.00051
Canyon_Aeroad,Canyon Aeroad 2015,Canyon,Canyon Aeroad 2015,STANDARD,1.8,Zwift 32mm Carbon,300.0,82.179,82.19,-0.011,0.30082,0.30074,-8e-05,82.187,82.19,-0.003,0.29781,0.29783,2e-05,81.594,81.597,-0.003,0.29761,0.29783,0.00022,81.344,81.347,-0.003,0.29479,0.29511,0.00032,81.347,81.347,-0.001,0.29393,0.29427,0.00035,81.338,81.347,-0.01,0.29402,0.29427,0.00025
CanyonAeroad2021,Canyon Aeroad Team Edition,Canyon,Canyon Aeroad 2021,STANDARD,1.8,Zwift 32mm Carbon,300.0,81.598,81.6,-0.002,0.30026,0.30026,0.0,81.592,81.6,-0.008,0.29731,0.29741,0.0001,81.214,81.222,-0.008,0.29718,0.29741,0.00023,80.951,80.959,-0.008,0.29437,0.29469,0.00032,80.953,80.959,-0.006,0.29347,0.29382,0.00035,80.756,80.762,-0.006,0.29351,0.29382,0.00031
CanyonAeroadAlpecinPremierTech2026,Canyon AeroadAlpecin2026,Canyon,Canyon Aeroad CFR Alpecin Premier-Tech,STANDARD,0.5,Zwift 32mm Carbon,300.0,81.519,81.5,0.019,0.30008,0.29955,-0.00052,81.531,81.5,0.031,0.29719,0.29677,-0.00043,81.122,81.091,0.031,0.2971,0.29677,-0.00033,80.882,80.851,0.031,0.29423,0.29399,-0.00024,80.874,80.851,0.023,0.29311,0.29291,-0.0002,80.687,80.664,0.023,0.29312,0.29291,-0.00022
CanyonAeroad2024,Canyon AeroadSRAM2024,Canyon,Canyon Aeroad 2024,STANDARD,1.55,Zwift 32mm Carbon,300.0,81.509,81.5,0.009,0.29963,0.29958,-5e-05,81.5,81.5,0.0,0.29661,0.29666,5e-05,81.098,81.098,0.0,0.29648,0.29666,0.00018,80.873,80.873,0.0,0.29367,0.29395,0.00028,80.843,80.873,-0.03,0.29277,0.29308,0.00031,80.649,80.679,-0.03,0.29287,0.29308,0.00021
CanyonGrail2025,Canyon CanyonGrail2025,Canyon,Canyon Grail SLX,GRAVEL,0.5,Zwift Gravel,300.0,82.083,82.2,-0.117,0.30302,0.30345,0.00043,82.08,82.2,-0.12,0.3001,0.30063,0.00053,81.689,81.81,-0.12,0.30008,0.30063,0.00055,81.441,81.561,-0.12,0.29706,0.29771,0.00065,81.435,81.561,-0.127,0.29618,0.29686,0.00068,81.251,81.378,-0.127,0.29616,0.29686,0.0007
CanyonSpeedmaxCFR2026,Canyon CanyonSpeedmaxCFR2026,Canyon,Canyon Speedmax CFR,TT,0.75,Zwift 32mm Carbon,300.0,83.818,83.85,-0.032,0.26948,0.26923,-0.00025,83.812,83.85,-0.038,0.2675,0.26732,-0.00018,83.613,83.65,-0.038,0.26755,0.26732,-0.00023,83.366,83.403,-0.038,0.26478,0.26464,-0.00014,83.255,83.293,-0.038,0.26486,0.26464,-0.00022,83.249,83.293,-0.044,0.25889,0.25887,-2e-05
CanyonSpeedmaxCRSLXDisc2021,Canyon CanyonSpeedmaxCRSLXDisc2021,Canyon,Canyon Speedmax CF SLX Disc,TT,0.33,Zwift 32mm Carbon,300.0,84.07,84.13,-0.06,0.27011,0.27029,0.00018,84.081,84.13,-0.049,0.26813,0.26838,0.00025,83.872,83.922,-0.049,0.26804,0.26838,0.00034,83.609,83.659,-0.049,0.26528,0.26571,0.00043,83.517,83.567,-0.05,0.2653,0.26571,0.00041,83.504,83.567,-0.063,0.2596,0.2602,0.0006
CanyonUltimate2021,Canyon CanyonUltimate2021,Canyon,Canyon Ultimate CFR,STANDARD,0.5,Zwift 32mm Carbon,300.0,81.314,81.31,0.004,0.31396,0.31379,-0.00017,81.317,81.31,0.007,0.31091,0.31084,-7e-05,80.95,80.943,0.007,0.31082,0.31084,2e-05,80.679,80.671,0.007,0.30798,0.3081,0.00012,80.681,80.671,0.01,0.30699,0.30714,0.00015,80.494,80.484,0.01,0.30702,0.30714,0.00012
CanyonGrailGravel,Canyon Grail,Canyon,Canyon Grail,GRAVEL,0.67,Zwift Gravel,300.0,82.01,82.27,-0.26,0.307,0.30799,0.00099,82.018,82.27,-0.252,0.30476,0.30583,0.00107,81.407,81.659,-0.252,0.30477,0.30583,0.00105,81.174,81.426,-0.252,0.30161,0.30277,0.00116,81.166,81.426,-0.259,0.30058,0.30177,0.00119,81.179,81.426,-0.247,0.30072,0.30177,0.00106
CanyonInflite2019,Canyon Inflite,Canyon,Canyon Inflite,GRAVEL,0.67,Zwift Gravel,300.0,82.9,83.03,-0.13,0.30953,0.31041,0.00088,82.9,83.03,-0.13,0.30626,0.30725,0.00099,82.299,82.429,-0.13,0.30617,0.30725,0.00108,82.057,82.187,-0.13,0.30286,0.30405,0.00119,82.078,82.187,-0.108,0.30301,0.30405,0.00104,82.052,82.187,-0.135,0.30325,0.30405,0.0008
CanyonLuxMountainBike2019,Canyon Lux,Canyon,Canyon Lux,MOUNTAIN,0.4,Zwift Mountain,300.0,87.609,86.0,1.609,0.31704,0.3179,0.00086,87.611,86.0,1.611,0.31549,0.31639,0.00091,86.407,84.797,1.611,0.31535,0.31639,0.00104,86.173,84.562,1.611,0.31199,0.31315,0.00116,86.165,84.562,1.603,0.31162,0.31279,0.00117,86.181,84.562,1.618,0.31166,0.31279,0.00112
Canyon_Speedmax,Canyon Speedmax Team Edition,Canyon,Canyon Speedmax,TT,1.0,Zwift 32mm Carbon,300.0,84.12,84.17,-0.05,0.27498,0.27513,0.00014,84.105,84.17,-0.065,0.27302,0.27323,0.00021,83.82,83.884,-0.065,0.27289,0.27323,0.00033,83.566,83.631,-0.065,0.27009,0.27051,0.00043,83.575,83.631,-0.055,0.26433,0.26494,0.00062,83.55,83.631,-0.08,0.26443,0.26494,0.00052
Canyon_Ultimate,Canyon Ultimate,Canyon,Canyon Ultimate,STANDARD,1.0,Zwift 32mm Carbon,300.0,81.48,81.46,0.02,0.31394,0.31379,-0.00015,81.465,81.46,0.005,0.31096,0.31091,-5e-05,80.88,80.874,0.005,0.31082,0.31091,0.0001,80.64,80.634,0.005,0.30795,0.30815,0.00019,80.636,80.634,0.002,0.30694,0.30717,0.00023,80.641,80.634,0.006,0.30704,0.30717,0.00013
CerveloAspero2020,Cervelo Aspero,Cervelo,Cervelo Aspero,GRAVEL,0.67,Zwift Gravel,300.0,82.462,82.72,-0.258,0.30315,0.30413,0.00098,82.459,82.72,-0.261,0.30094,0.30199,0.00105,81.832,82.093,-0.261,0.30087,0.30199,0.00112,81.617,81.878,-0.261,0.29791,0.29914,0.00122,81.614,81.878,-0.265,0.29678,0.29804,0.00126,81.626,81.878,-0.253,0.2968,0.29804,0.00124
CerveloAspero2026,Cervelo CerveloAspero2026,Cervelo,Cervelo Aspero 5,GRAVEL,0.5,Zwift Gravel,300.0,82.402,82.5,-0.098,0.30147,0.30239,0.00092,82.351,82.45,-0.098,0.29915,0.30014,0.00099,81.978,82.076,-0.098,0.29914,0.30014,0.001,81.72,81.818,-0.098,0.2961,0.2972,0.00111,81.724,81.818,-0.094,0.29515,0.29629,0.00114,81.532,81.626,-0.094,0.29536,0.29629,0.00093
CerveloS52021,Cervelo CerveloS52021,Cervelo,Cervelo S5 2020,STANDARD,0.08,Zwift 32mm Carbon,300.0,81.829,81.83,-0.001,0.29963,0.29958,-5e-05,81.831,81.83,0.001,0.29665,0.29671,5e-05,81.432,81.431,0.001,0.29649,0.29671,0.00022,81.193,81.192,0.001,0.29365,0.29397,0.00032,81.193,81.192,0.001,0.29277,0.29312,0.00035,80.977,80.976,0.001,0.29282,0.29312,0.0003
CerveloS52026,Cervelo CerveloS52026,Cervelo,Cervelo S5,STANDARD,0.5,Zwift 32mm Carbon,300.0,81.618,81.625,-0.007,0.29998,0.29944,-0.00054,81.61,81.625,-0.015,0.29708,0.29663,-0.00045,81.22,81.235,-0.015,0.29699,0.29663,-0.00036,80.968,80.983,-0.015,0.29416,0.2939,-0.00026,80.975,80.983,-0.009,0.29307,0.29284,-0.00023,80.785,80.794,-0.009,0.29305,0.29284,-0.0002
CerveloP5,Cervelo P5,Cervelo,Cervelo P5,TT,1.3,Zwift 32mm Carbon,300.0,83.861,83.93,-0.069,0.27305,0.27319,0.00014,83.883,83.93,-0.047,0.27102,0.27123,0.00021,83.585,83.632,-0.047,0.27093,0.27123,0.0003,83.319,83.366,-0.047,0.26819,0.26858,0.00039,83.317,83.366,-0.049,0.26243,0.26301,0.00058,83.306,83.366,-0.06,0.26248,0.26301,0.00053
CerveloP5x,Cervelo PX-Series,Cervelo,Cervelo PX-Series,TT,0.5,Zwift 32mm Carbon,300.0,84.128,84.17,-0.042,0.27109,0.27126,0.00017,84.105,84.17,-0.065,0.26813,0.2684,0.00027,83.705,83.77,-0.065,0.268,0.2684,0.0004,83.461,83.525,-0.065,0.26524,0.26573,0.00049,83.454,83.525,-0.072,0.2645,0.26502,0.00052,83.248,83.32,-0.072,0.26444,0.26502,0.00058
CerveloR5,Cervelo R5,Cervelo,Cervelo R5,STANDARD,1.3,Zwift 32mm Carbon,300.0,81.528,81.51,0.018,0.31377,0.31379,2e-05,81.517,81.51,0.007,0.31094,0.31105,0.00011,80.912,80.905,0.007,0.31084,0.31105,0.00022,80.688,80.682,0.007,0.30792,0.30824,0.00031,80.674,80.682,-0.007,0.30698,0.30732,0.00034,80.684,80.682,0.003,0.30703,0.30732,0.00029
CerveloS3D,Cervelo S3D,Cervelo,Cervelo S3D,STANDARD,1.3,Zwift 32mm Carbon,300.0,82.487,82.505,-0.018,0.3019,0.30181,-9e-05,82.504,82.505,-0.001,0.29889,0.2989,1e-05,81.878,81.879,-0.001,0.29877,0.2989,0.00013,81.656,81.657,-0.001,0.29596,0.29618,0.00023,81.654,81.657,-0.004,0.29493,0.29519,0.00026,81.645,81.657,-0.013,0.29501,0.29519,0.00018
CerveloS5,Cervelo S5,Cervelo,Cervelo S5 2015,STANDARD,1.25,Zwift 32mm Carbon,300.0,81.842,81.845,-0.003,0.29976,0.29958,-0.00018,81.841,81.845,-0.004,0.29666,0.29658,-7e-05,81.231,81.235,-0.004,0.29648,0.29658,0.0001,80.992,80.996,-0.004,0.29367,0.29387,0.00019,81.011,80.996,0.016,0.29276,0.29299,0.00022,81.008,80.996,0.013,0.29284,0.29299,0.00015
Chapter2KOKO2022,Chapter2 Chapter2KOKO2022,Chapter2,Chapter2 Koko,STANDARD,1.05,Zwift 32mm Carbon,300.0,81.653,81.63,0.023,0.31157,0.31138,-0.0002,81.621,81.63,-0.009,0.30858,0.30848,-0.0001,81.24,81.249,-0.009,0.30847,0.30848,1e-05,80.992,81.001,-0.009,0.30556,0.30566,0.0001,80.994,81.001,-0.008,0.30465,0.30479,0.00013,80.791,80.798,-0.008,0.3048,0.30479,-1e-05
Chapter2TOA2021,Chapter2 Chapter2TOA2021,Chapter2,Chapter2 Toa,STANDARD,1.05,Zwift 32mm Carbon,300.0,81.63,81.63,0.0,0.30049,0.30055,6e-05,81.64,81.63,0.01,0.29755,0.29771,0.00016,81.034,81.024,0.01,0.29745,0.29771,0.00026,80.793,80.783,0.01,0.29467,0.29502,0.00035,80.798,80.783,0.014,0.29372,0.2941,0.00039,80.792,80.783,0.009,0.29379,0.2941,0.00031
Chapter2Rere2019,Chapter2 Rere,Chapter2,Chapter2 Rere,STANDARD,1.05,Zwift 32mm Carbon,300.0,82.274,82.26,0.014,0.31203,0.31186,-0.00017,82.244,82.26,-0.016,0.30903,0.30896,-7e-05,81.668,81.684,-0.015,0.30894,0.30896,2e-05,81.428,81.443,-0.015,0.30603,0.30615,0.00012,81.428,81.443,-0.015,0.30509,0.30525,0.00015,81.437,81.443,-0.006,0.30515,0.30525,0.0001
Chapter2Tere2019,Chapter2 Tere,Chapter2,Chapter2 Tere,STANDARD,1.05,Zwift 32mm Carbon,300.0,81.526,81.51,0.016,0.31393,0.31379,-0.00014,81.518,81.51,0.008,0.31001,0.31,-1e-05,80.928,80.921,0.008,0.30981,0.31,0.00019,80.692,80.684,0.008,0.30693,0.30722,0.00028,80.689,80.684,0.005,0.30697,0.30722,0.00024,80.687,80.684,0.003,0.30703,0.30722,0.00018
ColnagoV3RS2020,Colnago Colnago V3RS,Colnago,Colnago V3RS,STANDARD,1.1,Zwift 32mm Carbon,300.0,81.812,81.95,-0.138,0.31394,0.31379,-0.00015,81.822,81.95,-0.128,0.31097,0.31092,-5e-05,81.429,81.556,-0.128,0.31085,0.31092,8e-05,81.191,81.319,-0.128,0.30794,0.30811,0.00017,81.188,81.319,-0.131,0.30707,0.30727,0.0002,80.973,81.104,-0.131,0.30708,0.30727,0.00019
CubeAerium2019,Cube Aerium,Cube,Cube Aerium,TT,0.67,Zwift 32mm Carbon,300.0,84.093,84.13,-0.037,0.27499,0.27513,0.00014,84.078,84.13,-0.052,0.27301,0.27322,0.00021,83.87,83.921,-0.052,0.27292,0.27322,0.0003,83.633,83.684,-0.052,0.27016,0.27055,0.00039,83.517,83.569,-0.052,0.27017,0.27055,0.00038,83.512,83.569,-0.057,0.26444,0.26501,0.00057
CubeLitening2018,Cube Cube Litening,Cube,Cube Litening,STANDARD,0.67,Zwift 32mm Carbon,300.0,81.556,82.31,-0.754,0.31394,0.31379,-0.00015,81.57,82.31,-0.74,0.31096,0.3109,-5e-05,80.979,81.719,-0.74,0.31083,0.3109,7e-05,80.742,81.481,-0.74,0.30795,0.30812,0.00017,80.754,81.481,-0.727,0.30696,0.30716,0.0002,80.743,81.481,-0.739,0.30703,0.30716,0.00013
CubeLitening2021,Cube CubeLitening2021,Cube,Cube Litening C:68X,STANDARD,0.33,Zwift 32mm Carbon,300.0,81.352,81.33,0.022,0.31396,0.31379,-0.00017,81.347,81.33,0.017,0.31094,0.31087,-7e-05,80.954,80.937,0.017,0.31084,0.31087,2e-05,80.714,80.697,0.017,0.30796,0.30808,0.00012,80.711,80.697,0.014,0.30698,0.30714,0.00015,80.497,80.483,0.014,0.30704,0.30714,9e-05
DiamondBack_Andean,DiamondBack Andean,DiamondBack,DiamondBack Andean,TT,1.0,Zwift 32mm Carbon,300.0,83.976,84.03,-0.054,0.27498,0.27513,0.00015,83.965,84.03,-0.065,0.273,0.27321,0.00021,83.784,83.85,-0.065,0.2729,0.27321,0.00031,83.541,83.606,-0.065,0.27011,0.27051,0.0004,83.448,83.514,-0.065,0.27015,0.27051,0.00035,83.417,83.514,-0.097,0.26443,0.26498,0.00055
FactorOne2020,Factor One,Factor,Factor One,STANDARD,0.67,Zwift 32mm Carbon,300.0,82.315,82.47,-0.155,0.30218,0.3021,-9e-05,82.321,82.47,-0.149,0.29923,0.29924,1e-05,81.932,82.081,-0.149,0.29907,0.29924,0.00018,81.683,81.832,-0.149,0.29623,0.2965,0.00027,81.679,81.832,-0.153,0.29533,0.29563,0.0003,81.48,81.634,-0.153,0.29537,0.29563,0.00027
FeltAR2018,Felt AR,Felt,Felt AR,STANDARD,0.67,Zwift 32mm Carbon,300.0,81.692,81.845,-0.153,0.29963,0.29958,-5e-05,81.706,81.845,-0.139,0.29664,0.29669,5e-05,81.107,81.246,-0.139,0.29648,0.29669,0.00021,80.87,81.009,-0.139,0.29372,0.29402,0.0003,80.877,81.009,-0.132,0.29274,0.29307,0.00033,80.863,81.009,-0.146,0.29282,0.29307,0.00025
FeltTT2021,Felt Felt TT 2021,Felt,Felt IA 2.0,TT,0.17,Zwift 32mm Carbon,300.0,83.842,83.9,-0.058,0.27115,0.27126,0.00011,83.846,83.9,-0.054,0.26911,0.26928,0.00017,83.651,83.705,-0.054,0.269,0.26928,0.00028,83.391,83.445,-0.054,0.26625,0.26662,0.00038,83.294,83.348,-0.054,0.26632,0.26662,0.0003,83.269,83.348,-0.079,0.2605,0.261,0.00049
FeltFR2022,Felt FeltFR2022,Felt,Felt FR,STANDARD,0.67,Zwift 32mm Carbon,300.0,81.493,81.48,0.013,0.30908,0.30896,-0.00013,81.501,81.48,0.021,0.3061,0.30607,-3e-05,81.079,81.058,0.021,0.30607,0.30607,1e-05,80.86,80.839,0.021,0.30312,0.30323,0.00011,80.849,80.839,0.009,0.30219,0.30233,0.00014,80.667,80.658,0.009,0.30222,0.30233,0.0001
FeltIA2019,Felt IA,Felt,Felt IA,TT,0.67,Zwift 32mm Carbon,300.0,84.112,84.17,-0.058,0.27111,0.27126,0.00015,84.101,84.17,-0.069,0.26913,0.26935,0.00022,83.905,83.973,-0.069,0.26902,0.26935,0.00033,83.67,83.738,-0.069,0.26627,0.26669,0.00042,83.562,83.631,-0.069,0.26629,0.26669,0.0004,83.537,83.631,-0.093,0.26051,0.2611,0.00059
FocusIzalcoMax2020,Focus Izalco Max 2020,Focus,Focus Izalco Max,STANDARD,0.75,Zwift 32mm Carbon,300.0,81.832,81.97,-0.138,0.30125,0.30113,-0.00012,81.816,81.97,-0.154,0.29823,0.29821,-2e-05,81.246,81.4,-0.154,0.29803,0.29821,0.00017,80.994,81.149,-0.154,0.29519,0.29546,0.00027,80.995,81.149,-0.154,0.29434,0.29464,0.0003,80.983,81.149,-0.166,0.2944,0.29464,0.00024
GiantPropelAdvancedSL2026,Giant GiantPropelAdvancedSL2026,Giant,Giant Propel Advanced SL Team,STANDARD,0.8,Zwift 32mm Carbon,300.0,81.515,81.5,0.015,0.30049,0.29973,-0.00077,81.441,81.426,0.015,0.29762,0.29695,-0.00067,81.029,81.014,0.015,0.29762,0.29695,-0.00068,80.793,80.778,0.015,0.29484,0.29426,-0.00058,80.802,80.778,0.024,0.29366,0.29312,-0.00054,80.61,80.586,0.024,0.29378,0.29312,-0.00066
GiantRevolt2022,Giant GiantRevolt2022,Giant,Giant Revolt Advanced Pro,GRAVEL,0.5,Zwift Gravel,300.0,82.562,82.685,-0.123,0.30719,0.30799,0.0008,82.563,82.685,-0.122,0.30484,0.30572,0.00088,81.952,82.074,-0.122,0.3048,0.30572,0.00091,81.718,81.84,-0.122,0.30172,0.30274,0.00102,81.703,81.84,-0.137,0.3007,0.30175,0.00105,81.716,81.84,-0.124,0.3009,0.30175,0.00084
GiantTCRAdvancedSL2021,Giant GiantTCRAdvancedSL,Giant,Giant TCR BikeExchange-Jayco Team,STANDARD,0.29,Zwift 32mm Carbon,300.0,82.078,82.08,-0.002,0.30907,0.30896,-0.00011,82.088,82.08,0.008,0.30608,0.30606,-1e-05,81.685,81.677,0.008,0.30601,0.30606,5e-05,81.453,81.445,0.008,0.30313,0.30328,0.00015,81.447,81.445,0.002,0.30217,0.30235,0.00018,81.247,81.245,0.002,0.30223,0.30235,0.00012
GiantTCRAdvancedSL2023,Giant GiantTCRAdvancedSL2023,Giant,Giant TCR Advanced SL 2025,STANDARD,1.17,Zwift 32mm Carbon,300.0,81.451,81.45,0.001,0.30013,0.30016,3e-05,81.445,81.45,-0.005,0.29723,0.29736,0.00013,81.049,81.053,-0.005,0.29709,0.29736,0.00027,80.821,80.826,-0.005,0.29432,0.29468,0.00036,80.819,80.826,-0.007,0.29338,0.29377,0.00039,80.62,80.627,-0.007,0.29336,0.29377,0.00041
GiantDefyASL,Giant TCR Advanced SL,Giant,Giant TCR Advanced SL 2021,STANDARD,-0.08,Zwift 32mm Carbon,300.0,81.65,81.65,0.0,0.31396,0.31379,-0.00017,81.653,81.65,0.003,0.31096,0.31089,-7e-05,81.063,81.061,0.003,0.31086,0.31089,3e-05,80.819,80.816,0.003,0.30795,0.30807,0.00013,80.821,80.816,0.005,0.30691,0.30708,0.00016,80.835,80.816,0.018,0.30705,0.30708,3e-05
LaufTrueGrit2021,Lauf Lauf True Grit,Lauf,Lauf True Grit,GRAVEL,0.75,Zwift Gravel,300.0,83.736,83.13,0.606,0.31154,0.31234,0.0008,83.732,83.13,0.602,0.30935,0.31022,0.00087,83.147,82.544,0.602,0.30921,0.31022,0.00101,82.911,82.308,0.602,0.306,0.30712,0.00112,82.912,82.308,0.603,0.30504,0.30619,0.00115,82.904,82.308,0.596,0.30515,0.30619,0.00104
LivLangma,Liv Langma Advanced SL,Liv,Liv Langma Advanced SL 2021,STANDARD,0.15,Zwift 32mm Carbon,300.0,81.673,81.65,0.023,0.31393,0.31379,-0.00014,81.658,81.65,0.008,0.31195,0.31187,-8e-05,81.462,81.454,0.008,0.31185,0.31187,2e-05,81.201,81.194,0.008,0.30897,0.30909,0.00012,81.14,81.132,0.008,0.30898,0.30909,0.0001,81.12,81.132,-0.013,0.30321,0.3035,0.00029
LivDevote2022,Liv LivDevote2022,Liv,Liv Devote Advanced Pro,GRAVEL,0.5,Zwift Gravel,300.0,82.558,82.685,-0.127,0.30716,0.30799,0.00084,82.534,82.685,-0.151,0.30491,0.30582,0.00091,81.963,82.113,-0.151,0.3048,0.30582,0.00102,81.73,81.881,-0.151,0.3017,0.30282,0.00112,81.719,81.881,-0.162,0.30067,0.30183,0.00115,81.724,81.881,-0.156,0.30071,0.30183,0.00112
LivLangma2021,Liv LivLangma2021,Liv,Liv Langma SL Advanced Disc,STANDARD,0.4,Zwift 32mm Carbon,300.0,81.64,81.63,0.01,0.30915,0.30896,-0.00019,81.634,81.63,0.004,0.30609,0.306,-9e-05,81.042,81.037,0.004,0.30599,0.306,2e-05,80.785,80.78,0.004,0.30313,0.30324,0.00011,80.799,80.78,0.019,0.30217,0.30232,0.00014,80.801,80.78,0.02,0.30222,0.30232,0.0001
LivLangmaAdvancedSL2023,Liv LivLangmaAdvancedSL2023,Liv,Liv Langma Advanced SL 2025,STANDARD,1.17,Zwift 32mm Carbon,300.0,81.546,81.69,-0.144,0.30036,0.30036,-1e-05,81.536,81.69,-0.154,0.29741,0.29751,9e-05,81.149,81.303,-0.154,0.29731,0.29751,0.0002,80.902,81.056,-0.154,0.29454,0.29483,0.00029,80.887,81.056,-0.169,0.29358,0.29391,0.00032,80.703,80.873,-0.169,0.29358,0.29391,0.00032
MootsVamoots2021,Moots MootsVamoots2021,Moots,Moots Vamoots RCS,STANDARD,0.5,Zwift 32mm Carbon,300.0,82.588,82.58,0.008,0.3141,0.31379,-0.0003,82.577,82.58,-0.003,0.31108,0.31088,-0.0002,82.195,82.197,-0.003,0.31096,0.31088,-8e-05,81.94,81.943,-0.003,0.30797,0.30799,2e-05,81.949,81.943,0.007,0.30708,0.30713,5e-05,81.741,81.734,0.007,0.30713,0.30713,1e-05
MosaicRT12022,Mosaic MosaicRT12022,Mosaic,Mosaic RT-1d,STANDARD,0.4,Zwift 32mm Carbon,300.0,82.58,82.58,-0.0,0.31407,0.31379,-0.00028,82.589,82.58,0.009,0.31108,0.3109,-0.00018,81.975,81.966,0.009,0.3109,0.3109,-1e-05,81.741,81.733,0.009,0.30795,0.30804,9e-05,81.741,81.733,0.008,0.30706,0.30718,0.00012,81.742,81.733,0.009,0.30713,0.30718,4e-05
Parlee_ESX,Parlee ESX,Parlee,Parlee ESX,STANDARD,1.0,Zwift 32mm Carbon,300.0,82.118,82.11,0.008,0.30906,0.30896,-0.0001,82.113,82.11,0.003,0.30518,0.30521,3e-05,81.521,81.519,0.003,0.30497,0.30521,0.00024,81.276,81.274,0.002,0.30212,0.30245,0.00033,81.273,81.274,-0.001,0.30216,0.30245,0.00029,81.279,81.274,0.005,0.30222,0.30245,0.00023
ParleeRZ72020,Parlee RZ7,Parlee,Parlee RZ7,STANDARD,1.05,Zwift 32mm Carbon,300.0,82.178,82.19,-0.012,0.30441,0.30432,-9e-05,82.204,82.19,0.014,0.30145,0.30146,0.0,81.804,81.791,0.014,0.30132,0.30146,0.00014,81.549,81.535,0.014,0.29848,0.29872,0.00024,81.549,81.535,0.014,0.29752,0.29779,0.00027,81.359,81.345,0.014,0.29756,0.29779,0.00023
Pinarello_TT,Pinarello Bolide,Pinarello,Pinarello Bolide,TT,0.67,Zwift 32mm Carbon,300.0,84.365,84.42,-0.055,0.27499,0.27513,0.00014,84.371,84.42,-0.049,0.27303,0.27324,0.00021,84.077,84.126,-0.049,0.2729,0.27324,0.00034,83.816,83.865,-0.049,0.27012,0.27055,0.00043,83.803,83.865,-0.062,0.26433,0.26495,0.00062,83.802,83.865,-0.063,0.26442,0.26495,0.00054
PinarelloBolideTT2018,Pinarello Bolide TT,Pinarello,Pinarello Bolide TT,TT,0.75,Zwift 32mm Carbon,300.0,84.428,84.47,-0.042,0.27499,0.27513,0.00014,84.419,84.47,-0.051,0.27302,0.27322,0.0002,84.207,84.258,-0.051,0.27294,0.27322,0.00028,83.964,84.015,-0.051,0.27015,0.27052,0.00037,83.848,83.899,-0.051,0.27017,0.27052,0.00035,83.864,83.899,-0.035,0.26443,0.26497,0.00055
Pinarello_Dogma,Pinarello Dogma 65.1,Pinarello,Pinarello Dogma 65.1,STANDARD,1.3,Zwift 32mm Carbon,300.0,82.517,82.51,0.007,0.30909,0.30896,-0.00014,82.514,82.51,0.004,0.30609,0.30605,-3e-05,81.927,81.922,0.004,0.30595,0.30605,0.0001,81.67,81.666,0.004,0.30309,0.30329,0.0002,81.66,81.666,-0.005,0.30211,0.30234,0.00023,81.672,81.666,0.006,0.30222,0.30234,0.00012
PinarelloDogmaF142021,Pinarello Dogma F,Pinarello,Pinarello Dogma F 2021,STANDARD,1.1,Zwift 32mm Carbon,300.0,81.481,81.48,0.001,0.30131,0.30123,-9e-05,81.48,81.48,-0.0,0.29828,0.2983,1e-05,81.084,81.084,-0.0,0.29814,0.2983,0.00016,80.842,80.843,-0.0,0.29529,0.29554,0.00025,80.842,80.843,-0.001,0.29443,0.29471,0.00028,80.63,80.631,-0.001,0.29447,0.29471,0.00023
PinarelloDogmaF102019,Pinarello Dogma F10,Pinarello,Pinarello Dogma F10,STANDARD,1.1,Zwift 32mm Carbon,300.0,81.875,81.88,-0.005,0.30322,0.30316,-6e-05,81.881,81.88,0.001,0.30022,0.30026,4e-05,81.486,81.485,0.001,0.30012,0.30026,0.00014,81.243,81.242,0.001,0.2973,0.29753,0.00023,81.249,81.242,0.006,0.29634,0.2966,0.00027,81.027,81.02,0.006,0.29642,0.2966,0.00018
PinarelloDogmaF122020,Pinarello Dogma F12,Pinarello,Pinarello Dogma F12,STANDARD,1.1,Zwift 32mm Carbon,300.0,81.788,81.79,-0.002,0.30208,0.3021,1e-05,81.794,81.79,0.004,0.29914,0.29925,0.00011,81.391,81.387,0.004,0.29904,0.29925,0.0002,81.155,81.151,0.004,0.29621,0.29651,0.0003,81.136,81.151,-0.015,0.29524,0.29557,0.00033,80.948,80.963,-0.015,0.2953,0.29557,0.00027
PinarelloDogmaF2024,Pinarello DogmaF2024,Pinarello,Pinarello Dogma F 2024,STANDARD,1.8,Zwift 32mm Carbon,300.0,81.391,81.372,0.019,0.2999,0.29987,-3e-05,81.379,81.372,0.007,0.29691,0.29699,7e-05,80.967,80.961,0.007,0.2968,0.29699,0.00019,80.735,80.728,0.007,0.29396,0.29424,0.00028,80.727,80.728,-0.001,0.29308,0.29339,0.00031,80.526,80.527,-0.001,0.29322,0.29339,0.00017
PinarelloDogmaX2024,Pinarello DogmaX2024,Pinarello,Pinarello Dogma X,STANDARD,0.75,Zwift 32mm Carbon,300.0,81.761,81.75,0.011,0.31398,0.31379,-0.00018,81.754,81.75,0.004,0.31095,0.31087,-8e-05,81.378,81.374,0.004,0.31085,0.31087,2e-05,81.142,81.137,0.005,0.30794,0.30806,0.00012,81.123,81.137,-0.014,0.30708,0.30723,0.00015,80.92,80.934,-0.014,0.30717,0.30723,6e-05
PinarelloEspada,Pinarello Espada,Pinarello,Pinarello Espada,TT,1.0,Pinarello Pinarello Espada,300.0,85.032,85.08,-0.048,0.25852,0.2587,0.00018,84.992,85.08,-0.088,0.25649,0.25673,0.00025,84.805,84.894,-0.088,0.25638,0.25673,0.00036,84.545,84.633,-0.088,0.25367,0.25412,0.00045,84.454,84.542,-0.089,0.25372,0.25412,0.00039,84.466,84.542,-0.076,0.24794,0.24852,0.00059
Pinarello_F8,Pinarello F8,Pinarello,Pinarello F8,STANDARD,1.3,Zwift 32mm Carbon,300.0,81.967,81.95,0.017,0.3052,0.30509,-0.00011,81.952,81.95,0.002,0.30219,0.30218,-1e-05,81.351,81.349,0.002,0.30204,0.30218,0.00014,81.104,81.101,0.002,0.29919,0.29943,0.00024,81.122,81.101,0.02,0.29826,0.29853,0.00027,81.114,81.101,0.012,0.29835,0.29853,0.00018
PinarelloDogmaGR2026,Pinarello PinarelloDogmaGR2026,Pinarello,Pinarello Dogma GR,GRAVEL,0.75,Zwift Gravel,300.0,81.99,82.1,-0.11,0.30301,0.30335,0.00034,81.972,82.1,-0.128,0.30002,0.30046,0.00044,81.586,81.714,-0.128,0.30003,0.30046,0.00044,81.344,81.472,-0.128,0.29699,0.29753,0.00054,81.341,81.472,-0.132,0.29603,0.29661,0.00057,81.131,81.262,-0.132,0.29628,0.29661,0.00033
RibbleEndurance2019,Ribble Endurance,Ribble,Ribble Endurance,STANDARD,0.67,Zwift 32mm Carbon,300.0,82.333,82.32,0.013,0.31059,0.31041,-0.00018,82.316,82.32,-0.004,0.30663,0.30658,-5e-05,81.714,81.719,-0.004,0.30645,0.30658,0.00013,81.496,81.5,-0.004,0.30354,0.30377,0.00023,81.479,81.5,-0.022,0.30362,0.30377,0.00014,81.49,81.5,-0.01,0.30366,0.30377,0.00011
RidleyHelium,Ridley Helium,Ridley,Ridley Helium,STANDARD,1.0,Zwift 32mm Carbon,300.0,82.073,82.06,0.013,0.31394,0.31379,-0.00015,82.064,82.06,0.004,0.31101,0.31095,-5e-05,81.479,81.475,0.004,0.31083,0.31095,0.00013,81.228,81.224,0.004,0.30795,0.30817,0.00023,81.239,81.224,0.015,0.30705,0.30731,0.00026,81.229,81.224,0.005,0.30712,0.30731,0.00019
RidleyNoahFast2019,Ridley Noah Fast 2019,Ridley,Ridley Noah Fast 2019,STANDARD,1.8,Zwift 32mm Carbon,300.0,82.284,82.29,-0.006,0.30222,0.3021,-0.00013,82.28,82.29,-0.01,0.29923,0.2992,-3e-05,81.881,81.891,-0.01,0.29908,0.2992,0.00013,81.664,81.674,-0.01,0.29621,0.29643,0.00022,81.654,81.674,-0.02,0.29533,0.29558,0.00025,81.454,81.474,-0.02,0.29535,0.29558,0.00023
Scott_Foil,Scott Foil,Scott,Scott Foil 2015,STANDARD,1.17,Zwift 32mm Carbon,300.0,81.935,81.91,0.025,0.312,0.31186,-0.00014,81.93,81.91,0.02,0.30902,0.30898,-4e-05,81.32,81.3,0.02,0.30891,0.30898,7e-05,81.089,81.069,0.02,0.30603,0.3062,0.00017,81.085,81.069,0.016,0.30506,0.30526,0.0002,81.089,81.069,0.02,0.30513,0.30526,0.00013
ScottPlasma2019,Scott Plasma,Scott,Scott Plasma,TT,0.67,Zwift 32mm Carbon,300.0,83.838,83.88,-0.042,0.27499,0.27513,0.00014,83.825,83.88,-0.055,0.27299,0.2732,0.00021,83.539,83.595,-0.055,0.27289,0.2732,0.00032,83.277,83.333,-0.055,0.27012,0.27053,0.00041,83.26,83.333,-0.073,0.26438,0.26498,0.0006,83.267,83.333,-0.066,0.26442,0.26498,0.00056
ScottAddict2021,Scott ScottAddict2021,Scott,Scott Addict RC,STANDARD,0.5,Zwift 32mm Carbon,300.0,81.365,81.365,0.0,0.30287,0.30277,-9e-05,81.371,81.365,0.006,0.29984,0.29984,1e-05,80.781,80.775,0.006,0.29968,0.29984,0.00016,80.533,80.528,0.006,0.29688,0.29713,0.00025,80.519,80.528,-0.009,0.29598,0.29627,0.00028,80.518,80.528,-0.01,0.29605,0.29627,0.00022
ScottFoil2022,Scott ScottFoil2022,Scott,Scott Foil 2023,STANDARD,0.18,Zwift 32mm Carbon,300.0,81.91,81.92,-0.01,0.3011,0.30103,-6e-05,81.913,81.92,-0.007,0.29812,0.29816,4e-05,81.508,81.516,-0.007,0.298,0.29816,0.00016,81.266,81.273,-0.007,0.2951,0.29536,0.00026,81.267,81.273,-0.006,0.29426,0.29455,0.00029,81.062,81.069,-0.006,0.29439,0.29455,0.00016
ScottPlasma2022,Scott ScottPlasma2022,Scott,Scott Plasma RC Ultimate,TT,0.4,Zwift 32mm Carbon,300.0,83.826,83.88,-0.054,0.27108,0.27126,0.00018,83.824,83.88,-0.056,0.26911,0.26936,0.00024,83.634,83.69,-0.056,0.26899,0.26936,0.00037,83.367,83.423,-0.056,0.26628,0.26674,0.00046,83.277,83.333,-0.056,0.26631,0.26674,0.00043,83.259,83.333,-0.074,0.26058,0.26121,0.00063
ScottSparkMTB2022,Scott ScottSparkMTB2022,Scott,Scott Spark RC World Cup,MOUNTAIN,0.29,Zwift Mountain,300.0,87.073,86.605,0.468,0.31653,0.31742,0.00089,87.066,86.605,0.461,0.31505,0.31599,0.00094,86.173,85.712,0.461,0.31493,0.31599,0.00106,85.928,85.467,0.461,0.31158,0.31275,0.00117,85.917,85.467,0.45,0.31113,0.31232,0.00119,85.626,85.176,0.45,0.31123,0.31232,0.00109
ScottSparkMountainBike2019,Scott Spark RC,Scott,Scott Spark RC,MOUNTAIN,0.5,Zwift Mountain,300.0,87.297,85.7,1.597,0.31855,0.31935,0.0008,87.302,85.7,1.602,0.31703,0.31788,0.00085,86.125,84.522,1.602,0.31686,0.31788,0.00102,85.878,84.276,1.602,0.31352,0.31464,0.00113,85.871,84.276,1.595,0.31308,0.31422,0.00114,85.871,84.276,1.595,0.31314,0.31422,0.00108
Specialized_Allez,Specialized Allez,Specialized,Specialized Allez,STANDARD,1.0,Zwift 32mm Carbon,300.0,82.533,82.53,0.003,0.31406,0.31379,-0.00027,82.532,82.53,0.002,0.31006,0.30992,-0.00014,81.931,81.929,0.002,0.30994,0.30992,-2e-05,81.701,81.699,0.002,0.30701,0.30708,8e-05,81.698,81.699,-0.002,0.30697,0.30708,0.00011,81.679,81.699,-0.021,0.30711,0.30708,-2e-05
SpecializedAllezSprint2019,Specialized Allez Sprint,Specialized,Specialized Allez Sprint,STANDARD,0.75,Zwift 32mm Carbon,300.0,81.919,81.93,-0.011,0.30551,0.30538,-0.00012,81.927,81.93,-0.003,0.30251,0.30248,-2e-05,81.336,81.338,-0.003,0.30239,0.30248,0.0001,81.084,81.087,-0.003,0.29949,0.29968,0.0002,81.104,81.087,0.018,0.29859,0.29882,0.00023,81.089,81.087,0.003,0.29868,0.29882,0.00014
Specialized_Amira,Specialized Amira,Specialized,Specialized Amira,STANDARD,1.0,Zwift 32mm Carbon,300.0,81.662,81.65,0.012,0.31394,0.31379,-0.00014,81.654,81.65,0.004,0.31001,0.31,-1e-05,81.051,81.048,0.004,0.30985,0.31,0.00015,80.833,80.829,0.004,0.30693,0.30718,0.00025,80.817,80.829,-0.012,0.30715,0.30718,3e-05,80.822,80.829,-0.008,0.30703,0.30718,0.00015
Specialized_Amira_Sworks,Specialized Amira S-Works,Specialized,Specialized Amira S-Works,STANDARD,1.0,Zwift 32mm Carbon,300.0,81.483,81.47,0.013,0.31394,0.31379,-0.00015,81.483,81.47,0.013,0.31094,0.31089,-5e-05,80.89,80.877,0.013,0.31081,0.31089,8e-05,80.659,80.647,0.013,0.30795,0.30813,0.00018,80.646,80.647,-0.0,0.30691,0.30713,0.00021,80.638,80.647,-0.009,0.30705,0.30713,8e-05
SpecializedEpic2020,Specialized Epic S-Works,Specialized,Specialized Epic S-Works,MOUNTAIN,0.75,Zwift Mountain,300.0,87.454,85.7,1.754,0.31706,0.3179,0.00084,87.454,85.7,1.754,0.31552,0.31641,0.00089,86.56,84.805,1.754,0.31535,0.31641,0.00106,86.319,84.565,1.754,0.31197,0.31314,0.00117,86.32,84.565,1.756,0.31157,0.31276,0.00118,86.009,84.254,1.756,0.31169,0.31276,0.00107
SpecializedProject74,Specialized Project74,Specialized,Specialized PROJECT 74,STANDARD,1.3,Roval PROJECT 74,300.0,82.845,82.85,-0.005,0.28377,0.28383,6e-05,82.814,82.85,-0.036,0.28071,0.28087,0.00016,82.416,82.452,-0.036,0.28065,0.28087,0.00022,82.173,82.209,-0.036,0.27789,0.2782,0.00031,82.165,82.209,-0.044,0.27696,0.2773,0.00034,82.005,82.049,-0.044,0.27707,0.2773,0.00023
Specialized_Roubaix,Specialized Ruby S-Works,Specialized,Specialized Ruby S-Works,STANDARD,0.75,Zwift 32mm Carbon,300.0,81.674,81.961,-0.287,0.31413,0.31379,-0.00033,81.682,81.961,-0.279,0.31094,0.31071,-0.00023,81.101,81.38,-0.279,0.31079,0.31071,-8e-05,80.851,81.13,-0.279,0.30794,0.30795,1e-05,80.83,81.13,-0.3,0.30697,0.30701,5e-05,80.832,81.13,-0.298,0.30703,0.30701,-2e-05
SpecializedTarmacSL82024,Specialized SWorksTarmacSL8,Specialized,Specialized S-Works Tarmac SL8,STANDARD,1.13,Zwift 32mm Carbon,300.0,81.153,81.15,0.003,0.3001,0.30007,-3e-05,81.153,81.15,0.003,0.2971,0.29717,7e-05,80.758,80.755,0.003,0.29699,0.29717,0.00018,80.503,80.501,0.003,0.29418,0.29446,0.00027,80.51,80.501,0.009,0.29326,0.29356,0.0003,80.311,80.301,0.009,0.29341,0.29356,0.00015
SpecializedShiv2019,Specialized Shiv Disc,Specialized,Specialized Shiv Disc,TT,0.67,Zwift 32mm Carbon,300.0,84.113,84.32,-0.207,0.27162,0.27174,0.00012,84.119,84.32,-0.201,0.26958,0.26977,0.00019,83.903,84.103,-0.201,0.26949,0.26977,0.00028,83.678,83.878,-0.201,0.26676,0.26714,0.00038,83.583,83.784,-0.201,0.26681,0.26714,0.00033,83.561,83.784,-0.223,0.26103,0.26156,0.00052
SpecializedShiv,Specialized Shiv S-Works,Specialized,Specialized Shiv S-Works,TT,1.0,Zwift 32mm Carbon,300.0,83.807,84.17,-0.363,0.275,0.27513,0.00013,83.823,84.17,-0.347,0.27298,0.27318,0.0002,83.619,83.967,-0.347,0.27288,0.27318,0.0003,83.374,83.721,-0.347,0.2701,0.27049,0.00039,83.266,83.614,-0.347,0.27012,0.27049,0.00037,83.27,83.614,-0.344,0.26441,0.26497,0.00056
SpecializedCrux2022,Specialized Specialized Crux 2022,Specialized,Specialized Crux,GRAVEL,0.67,Zwift Gravel,300.0,81.959,82.08,-0.121,0.30557,0.30654,0.00097,81.942,82.08,-0.138,0.30326,0.30431,0.00105,81.548,81.687,-0.138,0.30326,0.30431,0.00105,81.324,81.462,-0.138,0.30018,0.30134,0.00116,81.315,81.462,-0.147,0.29924,0.30043,0.00119,81.122,81.269,-0.147,0.29929,0.30043,0.00114
SpecializedAethos2021,Specialized SpecializedAethos2021,Specialized,Specialized Aethos S-Works,STANDARD,0.5,Zwift 32mm Carbon,300.0,81.146,81.13,0.016,0.3042,0.30413,-7e-05,81.141,81.13,0.011,0.30269,0.30267,-2e-05,80.245,80.234,0.012,0.30246,0.30267,0.0002,80.009,79.997,0.012,0.29966,0.29995,0.00029,80.006,79.997,0.009,0.29926,0.29957,0.00031,79.712,79.703,0.009,0.29932,0.29957,0.00025
SpecializedDiverge2022,Specialized SpecializedDiverge2022,Specialized,Specialized Diverge,GRAVEL,0.67,Zwift Gravel,300.0,82.846,82.98,-0.134,0.30714,0.30799,0.00086,82.836,82.98,-0.144,0.30487,0.3058,0.00093,82.256,82.4,-0.145,0.30484,0.3058,0.00095,82.009,82.153,-0.145,0.3017,0.30275,0.00106,82.017,82.153,-0.136,0.30068,0.30178,0.00109,82.025,82.153,-0.128,0.3007,0.30178,0.00108
SpecializedDiverge2025,Specialized SpecializedDiverge2025,Specialized,Specialized Diverge 4,GRAVEL,0.5,Zwift Gravel,300.0,82.686,82.8,-0.114,0.30383,0.30403,0.0002,82.648,82.8,-0.152,0.30089,0.30119,0.0003,82.064,82.216,-0.152,0.30078,0.30119,0.00041,81.841,81.993,-0.152,0.29767,0.29819,0.00051,81.825,81.993,-0.168,0.2967,0.29724,0.00055,81.817,81.993,-0.176,0.29673,0.29724,0.00052
SpecializedTarmacSL92026,Specialized SpecializedTarmacSL92026,Specialized,Specialized S-Works Tarmac SL9,STANDARD,0.5,Zwift 32mm Carbon,300.0,81.157,81.15,0.007,0.30034,0.29997,-0.00037,81.167,81.15,0.017,0.29753,0.29725,-0.00028,80.761,80.744,0.017,0.29737,0.29725,-0.00012,80.509,80.493,0.017,0.29454,0.29452,-3e-05,80.51,80.493,0.018,0.29352,0.29353,1e-05,80.319,80.301,0.018,0.29351,0.29353,1e-05
SpecializedTarmac2019,Specialized Tarmac Pro,Specialized,Specialized Tarmac Pro,STANDARD,0.67,Zwift 32mm Carbon,300.0,81.343,81.335,0.008,0.30544,0.30538,-6e-05,81.355,81.335,0.02,0.30244,0.30249,4e-05,80.747,80.727,0.02,0.30229,0.30249,0.0002,80.496,80.476,0.02,0.29947,0.29976,0.00029,80.51,80.476,0.034,0.29848,0.29881,0.00033,80.495,80.476,0.019,0.29865,0.29881,0.00016
SpecializedTarmac2021,Specialized Tarmac SL7 Sram,Specialized,Specialized Tarmac SL7,STANDARD,0.97,Zwift 32mm Carbon,300.0,81.367,81.35,0.017,0.30283,0.30277,-6e-05,81.345,81.35,-0.005,0.29982,0.29986,4e-05,80.958,80.963,-0.005,0.29973,0.29986,0.00013,80.718,80.723,-0.005,0.29684,0.29707,0.00023,80.72,80.723,-0.003,0.2959,0.29616,0.00026,80.503,80.505,-0.003,0.29601,0.29616,0.00016
Specialized_Venge,Specialized Venge,Specialized,Specialized Venge 2015,STANDARD,1.17,Zwift 32mm Carbon,300.0,82.235,82.245,-0.01,0.29996,0.29987,-9e-05,82.238,82.245,-0.007,0.29695,0.29696,1e-05,81.64,81.646,-0.007,0.2968,0.29696,0.00017,81.407,81.413,-0.007,0.29398,0.29424,0.00026,81.393,81.413,-0.02,0.29317,0.29346,0.00029,81.41,81.413,-0.003,0.29313,0.29346,0.00033
SpecializedVenge2019,Specialized Venge S-Works,Specialized,Specialized Venge S-Works 2019,STANDARD,1.8,Zwift 32mm Carbon,300.0,81.709,81.715,-0.006,0.29957,0.29949,-9e-05,81.704,81.715,-0.011,0.29651,0.29652,2e-05,81.327,81.337,-0.011,0.2964,0.29652,0.00012,81.068,81.078,-0.011,0.29356,0.29378,0.00022,81.063,81.078,-0.015,0.29257,0.29283,0.00025,80.878,80.893,-0.015,0.29266,0.29283,0.00016
TrekEmonda,Trek Emonda,Trek,Trek Emonda,STANDARD,1.0,Zwift 32mm Carbon,300.0,81.407,81.39,0.017,0.31396,0.31379,-0.00017,81.408,81.39,0.018,0.31237,0.31225,-0.00011,80.516,80.498,0.018,0.31226,0.31225,-0.0,80.269,80.251,0.018,0.3094,0.30949,0.0001,80.279,80.251,0.027,0.30889,0.30901,0.00011,79.981,79.953,0.027,0.30899,0.30901,1e-05
TrekEmondaSL,Trek Emonda SL,Trek,Trek Emonda SL,STANDARD,1.0,Zwift 32mm Carbon,300.0,81.568,81.56,0.008,0.31395,0.31379,-0.00015,81.576,81.56,0.016,0.31194,0.31185,-9e-05,80.362,80.346,0.016,0.3118,0.31185,5e-05,80.161,80.144,0.016,0.30892,0.30907,0.00015,80.139,80.144,-0.005,0.30888,0.30907,0.00019,80.151,80.144,0.007,0.30904,0.30907,3e-05
TrekMadone,Trek Madone,Trek,Trek Madone,STANDARD,1.0,Zwift 32mm Carbon,300.0,81.938,81.945,-0.007,0.30081,0.30074,-7e-05,81.941,81.945,-0.004,0.29776,0.29779,3e-05,81.562,81.566,-0.004,0.29762,0.29779,0.00017,81.304,81.308,-0.004,0.29481,0.29508,0.00026,81.302,81.308,-0.006,0.2939,0.29419,0.00029,81.098,81.104,-0.006,0.29397,0.29419,0.00022
TrekSpeedConcept2021,Trek Speed Concept 2021,Trek,Trek Speed Concept SLR 9,TT,0.5,Zwift 32mm Carbon,300.0,85.12,85.18,-0.06,0.27121,0.27126,5e-05,85.103,85.18,-0.077,0.26917,0.26929,0.00012,84.912,84.99,-0.077,0.26908,0.26929,0.0002,84.645,84.723,-0.077,0.26633,0.26663,0.0003,84.559,84.636,-0.077,0.26635,0.26663,0.00027,84.56,84.636,-0.076,0.26058,0.26104,0.00047
TrekSuperCaliber2020,Trek Super Caliber 2020,Trek,Trek Super Caliber,MOUNTAIN,0.75,Zwift Mountain,300.0,87.124,86.5,0.624,0.31649,0.31742,0.00093,87.12,86.5,0.62,0.31503,0.31601,0.00097,86.218,85.598,0.62,0.3149,0.31601,0.0011,85.974,85.354,0.62,0.31159,0.31281,0.00122,85.972,85.354,0.617,0.31115,0.31238,0.00123,85.668,85.05,0.617,0.31114,0.31238,0.00124
UraniumNuclear2021,Uranium UraniumNuclear2021,Uranium,Uranium Nuclear,STANDARD,0.67,Zwift 32mm Carbon,300.0,81.839,81.83,0.009,0.30368,0.30364,-3e-05,81.833,81.83,0.003,0.30069,0.30075,7e-05,81.244,81.241,0.003,0.30056,0.30075,0.00019,80.99,80.987,0.003,0.29774,0.29803,0.00029,80.986,80.987,-0.001,0.29683,0.29715,0.00032,80.978,80.987,-0.009,0.29691,0.29715,0.00024
VanRyselEDR2021,VanRysel VanRyselEDR2021,VanRysel,VanRysel EDR CF,STANDARD,0.6,Zwift 32mm Carbon,300.0,82.091,82.08,0.011,0.31399,0.31379,-0.00019,82.074,82.08,-0.006,0.31101,0.31092,-9e-05,81.489,81.495,-0.006,0.31087,0.31092,5e-05,81.261,81.267,-0.006,0.30793,0.30808,0.00015,81.246,81.267,-0.021,0.30707,0.30725,0.00018,81.27,81.267,0.003,0.30712,0.30725,0.00013
VanRyselRCRF2026,VanRysel VanRyselRCRF2026,VanRysel,VanRysel RCR-F,STANDARD,0.33,Zwift 32mm Carbon,300.0,81.583,81.6,-0.017,0.30019,0.29958,-0.0006,81.613,81.6,0.013,0.29717,0.29667,-0.0005,81.232,81.22,0.013,0.29714,0.29667,-0.00048,80.977,80.964,0.013,0.29435,0.29396,-0.00038,80.978,80.964,0.014,0.29318,0.29284,-0.00035,80.777,80.763,0.014,0.29334,0.29284,-0.0005
VanRyselRCRPro2023,VanRysel VanRyselRCRPro2023,VanRysel,VanRysel RCR Pro,STANDARD,0.75,Zwift 32mm Carbon,300.0,81.352,81.35,0.002,0.30083,0.30026,-0.00057,81.375,81.35,0.025,0.29773,0.29727,-0.00046,80.779,80.754,0.025,0.29775,0.29727,-0.00048,80.534,80.509,0.025,0.29512,0.29472,-0.0004,80.523,80.509,0.014,0.29391,0.29355,-0.00036,80.519,80.509,0.01,0.2939,0.29355,-0.00035
VanRyselRCRX2026,VanRysel VanRyselRCRX2026,VanRysel,VanRysel RCR-X,TT,0.33,Zwift 32mm Carbon,300.0,84.144,84.2,-0.056,0.27059,0.27029,-0.00029,84.153,84.2,-0.047,0.26851,0.26829,-0.00022,83.956,84.003,-0.047,0.26849,0.26829,-0.0002,83.711,83.758,-0.047,0.26574,0.26562,-0.00011,83.593,83.639,-0.047,0.26572,0.26562,-0.0001,83.589,83.639,-0.05,0.26001,0.2601,9e-05
VentumOne,Ventum One,Ventum,Ventum One,TT,1.0,Zwift 32mm Carbon,300.0,84.867,84.93,-0.063,0.27356,0.27368,0.00012,84.872,84.93,-0.058,0.27061,0.27083,0.00021,84.465,84.524,-0.058,0.2705,0.27083,0.00033,84.232,84.29,-0.058,0.26774,0.26816,0.00042,84.216,84.29,-0.074,0.26684,0.26729,0.00045,84.003,84.077,-0.074,0.26687,0.26729,0.00042
VentumNS12022,Ventum VentumNS12022,Ventum,Ventum NS1,STANDARD,0.5,Zwift 32mm Carbon,300.0,82.32,82.33,-0.01,0.3029,0.30277,-0.00012,82.309,82.33,-0.021,0.29992,0.29989,-2e-05,81.739,81.759,-0.021,0.29978,0.29989,0.00012,81.485,81.506,-0.021,0.29694,0.29715,0.00021,81.481,81.506,-0.025,0.29601,0.29625,0.00024,81.473,81.506,-0.032,0.29615,0.29625,0.00011
WilierFilanteSLRID22026,Wilier WilierFilanteSLRID22026,Wilier,Wilier Filante SLR ID2,STANDARD,0.29,Zwift 32mm Carbon,300.0,81.546,81.525,0.021,0.30017,0.29973,-0.00044,81.519,81.525,-0.006,0.2972,0.29686,-0.00034,81.109,81.114,-0.006,0.2972,0.29686,-0.00034,80.874,80.88,-0.006,0.29433,0.29409,-0.00024,80.9,80.88,0.02,0.29329,0.29308,-0.0002,80.675,80.655,0.02,0.29334,0.29308,-0.00026
Zwift_Aero,Zwift Aero,Zwift,Zwift Aero,STANDARD,1.0,Zwift 32mm Carbon,300.0,82.43,82.41,0.02,0.30302,0.30306,4e-05,82.391,82.41,-0.019,0.29922,0.29939,0.00017,81.801,81.82,-0.019,0.29903,0.29939,0.00036,81.581,81.599,-0.019,0.29617,0.29663,0.00046,81.575,81.599,-0.025,0.29616,0.29663,0.00048,81.572,81.599,-0.027,0.2963,0.29663,0.00033
Zwift_BigSpin2025,Zwift BigSpin2025,Zwift,Zwift BMX Bandit,MOUNTAIN,0.17,Zwift BMX Bandit,300.0,89.005,88.0,1.005,0.30954,0.30751,-0.00204,88.993,88.0,0.993,0.3056,0.30369,-0.0019,88.404,87.411,0.993,0.30547,0.30369,-0.00178,88.147,87.153,0.993,0.3023,0.30063,-0.00167,88.138,87.153,0.985,0.30233,0.30063,-0.00171,88.12,87.153,0.967,0.30252,0.30063,-0.00189
Zwift_BigSpin2026,Zwift BigSpin2026,Zwift,Zwift MX Rider,MOUNTAIN,0.17,Zwift MX Rider,300.0,88.978,89.05,-0.072,0.30965,0.30896,-0.00069,88.991,89.05,-0.059,0.30578,0.30522,-0.00056,88.402,88.46,-0.059,0.30577,0.30522,-0.00055,88.137,88.196,-0.059,0.3024,0.30196,-0.00044,88.132,88.196,-0.064,0.30241,0.30196,-0.00044,88.129,88.196,-0.067,0.30242,0.30196,-0.00046
Zwift_BigSpinCruiser2024,Zwift BigSpinCruiser2024,Zwift,Zwift Atomic Cruiser,CRUISER,0.33,Zwift 32mm Carbon,300.0,83.561,82.98,0.581,0.31999,0.31959,-0.0004,83.57,82.98,0.59,0.31597,0.31571,-0.00026,82.971,82.381,0.59,0.31587,0.31571,-0.00016,82.748,82.159,0.59,0.31286,0.3128,-6e-05,82.731,82.159,0.572,0.31294,0.3128,-0.00014,82.746,82.159,0.588,0.3131,0.3128,-0.0003
Zwift_BW,Zwift BigWheel,Zwift,Zwift Big Wheel,TRICYCLE,0.75,Zwift Zwift Trike,300.0,83.383,82.38,1.003,0.31601,0.31573,-0.00028,83.39,82.38,1.01,0.31207,0.31192,-0.00015,82.787,81.777,1.01,0.31187,0.31192,5e-05,82.545,81.535,1.01,0.30893,0.30907,0.00015,82.543,81.535,1.008,0.30899,0.30907,9e-05,82.539,81.535,1.004,0.30903,0.30907,4e-05
Buffalo,Zwift Buffalo Fahrrad,Zwift,Zwift Buffalo Fahrrad,CRUISER,1.0,Zwift 32mm Carbon,300.0,85.428,84.84,0.588,0.32892,0.32829,-0.00063,85.438,84.84,0.598,0.32483,0.32433,-0.0005,84.853,84.255,0.598,0.32471,0.32433,-0.00037,84.583,83.985,0.598,0.32161,0.32134,-0.00027,84.598,83.985,0.613,0.32159,0.32134,-0.00025,84.578,83.985,0.593,0.32174,0.32134,-0.0004
Zwift_Carbon,Zwift Carbon,Zwift,Zwift Carbon,STANDARD,1.0,Zwift 32mm Carbon,300.0,82.437,82.4,0.037,0.31591,0.31573,-0.00018,82.405,82.4,0.005,0.312,0.31195,-5e-05,81.807,81.802,0.005,0.31207,0.31195,-0.00012,81.568,81.563,0.005,0.30907,0.30905,-2e-05,81.558,81.563,-0.005,0.30907,0.30905,-3e-05,81.564,81.563,0.001,0.30916,0.30905,-0.00012
Zwift_Concept,Zwift Concept Z1,Zwift,Zwift Concept Z1,CONCEPT,1.3,Zwift Concept Z1,300.0,82.003,81.99,0.013,0.28651,0.28673,0.00022,81.976,81.99,-0.014,0.28358,0.28389,0.00032,81.592,81.607,-0.014,0.28348,0.28389,0.00041,81.325,81.339,-0.014,0.28076,0.28126,0.0005,81.342,81.339,0.002,0.27976,0.2803,0.00053,81.154,81.151,0.003,0.27992,0.2803,0.00038
Zwift_Gravel,Zwift Gravel,Zwift,Zwift Gravel,GRAVEL,1.0,Zwift Gravel,300.0,82.963,83.22,-0.257,0.31144,0.31234,0.00091,82.952,83.22,-0.268,0.30825,0.30926,0.00101,82.358,82.627,-0.268,0.3083,0.30926,0.00096,82.111,82.38,-0.268,0.30525,0.30632,0.00106,82.102,82.38,-0.278,0.30517,0.30632,0.00115,82.114,82.38,-0.266,0.30512,0.30632,0.0012
ZwiftHandcycle,Zwift Handcycle,Zwift,Zwift Handcycle,HANDCYCLE,1.0,Zwift Handcycle,300.0,94.964,94.47,0.494,0.27571,0.27513,-0.00058,94.973,94.47,0.503,0.2718,0.27135,-0.00045,94.354,93.851,0.503,0.27168,0.27135,-0.00033,94.078,93.575,0.503,0.26847,0.26825,-0.00023,94.089,93.575,0.514,0.26852,0.26825,-0.00027,94.085,93.575,0.51,0.26867,0.26825,-0.00042
ZwiftMountain,Zwift Mountain,Zwift,Zwift Mountain,MOUNTAIN,1.0,Zwift Mountain,300.0,87.89,86.3,1.59,0.31763,0.31838,0.00076,87.907,86.3,1.607,0.31554,0.31636,0.00083,86.724,85.117,1.607,0.31541,0.31636,0.00095,86.472,84.865,1.607,0.31197,0.31304,0.00107,86.48,84.865,1.615,0.31202,0.31304,0.00102,86.48,84.865,1.615,0.31207,0.31304,0.00097
Zwift_Safety,Zwift Safety,Zwift,Zwift Safety,CRUISER,1.0,Zwift 32mm Carbon,300.0,83.571,82.98,0.591,0.31704,0.31669,-0.00035,83.578,82.98,0.598,0.313,0.31279,-0.00021,82.988,82.39,0.598,0.31292,0.31279,-0.00013,82.74,82.142,0.598,0.30994,0.30991,-3e-05,82.752,82.142,0.611,0.31,0.30991,-9e-05,82.737,82.142,0.595,0.31006,0.30991,-0.00015
Zwift_Steel,Zwift Steel,Zwift,Zwift Steel,STANDARD,1.0,Zwift 32mm Carbon,300.0,83.217,83.21,0.007,0.31691,0.31669,-0.00022,83.204,83.21,-0.006,0.31305,0.31296,-9e-05,82.622,82.628,-0.006,0.31299,0.31296,-3e-05,82.378,82.384,-0.006,0.31002,0.31009,7e-05,82.371,82.384,-0.013,0.31,0.31009,9e-05,82.359,82.384,-0.025,0.31006,0.31009,3e-05
Zwift_TT,Zwift TT,Zwift,Zwift TT,TT,1.0,Zwift 32mm Carbon,300.0,84.519,84.57,-0.051,0.2799,0.27996,6e-05,84.524,84.57,-0.046,0.27201,0.27234,0.00033,84.225,84.271,-0.046,0.27194,0.27234,0.00041,83.965,84.011,-0.046,0.26918,0.26968,0.0005,83.938,84.011,-0.074,0.26917,0.26968,0.0005,83.955,84.011,-0.057,0.26929,0.26968,0.00038
ZwiftRecumbent,Zwift ZwiftRecumbent,Zwift,Zwift Recumbent Trike,RECUMBENT,0.67,Zwift Recumbent Trike,300.0,92.801,92.922,-0.121,0.28596,0.28479,-0.00116,92.784,92.922,-0.138,0.28299,0.28193,-0.00106,92.193,92.332,-0.138,0.28309,0.28193,-0.00116,91.907,92.045,-0.138,0.27971,0.27867,-0.00105,91.908,92.045,-0.138,0.27881,0.2778,-0.00101,91.914,92.045,-0.131,0.27889,0.2778,-0.00109
