,,,,,,,,Flat Test Results,,,,,,,,,,,,Climb Test Results,,,,,,,,,,,
Bike,Wheels,Bike Type,Price (Drops),Unlock Level,Rider Height (cm),Rider Weight (kg),Power (W),Stage 0 Avg Speed MPH,Stage 0 - Hour Time Gap,Stage 1 Avg Speed MPH,Stage 1 - Hour Time Gap,Stage 2 Avg Speed MPH,Stage 2 - Hour Time Gap,Stage 3 Avg Speed MPH,Stage 3 - Hour Time Gap,Stage 4 Avg Speed MPH,Stage 4 - Hour Time Gap,Stage 5 Avg Speed MPH,Stage 5 - Hour Time Gap,Stage 0 Avg Speed MPH,Stage 0 - Hour Time Gap,Stage 1 Avg Speed MPH,Stage 1 - Hour Time Gap,Stage 2 Avg Speed MPH,Stage 2 - Hour Time Gap,Stage 3 Avg Speed MPH,Stage 3 - Hour Time Gap,Stage 4 Avg Speed MPH,Stage 4 - Hour Time Gap,Stage 5 Avg Speed MPH,Stage 5 - Hour Time Gap
Allied Able,Zwift Gravel,Gravel,"550,000",23,183,75,150,17.7522,-233.9,,,,,,,,,17.9378,-198.7,4.5815,-153.5,,,,,,,,,4.6297,-117.2
BMC Roadmachine,Zwift 32mm Carbon,Road,"344,100",18,183,75,150,19.0301,8.4,,,,,,,,,19.2161,43.7,4.8126,20.4,,,,,,,,,4.8634,58.6
BMC SLR01,Zwift 32mm Carbon,Road,"759,500",39,183,75,150,19.0343,9.2,,,,,,,,,19.2198,44.4,4.8245,29.3,,,,,,,,,4.8752,67.5
BMC TeamMachine,Zwift 32mm Carbon,Road,"969,200",39,183,75,150,19.2049,41.6,,,,,,,,,19.3941,77.5,4.8349,37.2,,,,,,,,,4.8855,75.2
BMC Timemachine01,Zwift 32mm Carbon,TT,"400,000",7,183,75,150,19.7615,21.1,,,,,,,,,20.0850,75.5,4.6990,17.6,,,,,,,,,4.7323,43.2
Bridgestone Anchor RS9s,Zwift 32mm Carbon,Road,"200,000",10,183,75,150,19.0395,10.2,,,,,,,,,19.1967,40.0,4.8432,43.4,,,,,,,,,4.9277,107.0
Cadex Tri,Zwift 32mm Carbon,TT,"1,500,000",40,183,75,150,19.8961,45.8,,,,,,,,,20.2241,100.9,4.7050,22.2,,,,,,,,,4.7383,47.8
Zwift Handcycle,Zwift Handcycle,Handcycle,0,0,183,75,300,25.4960,133.0,25.6110,149.8,25.6235,151.7,25.7238,166.3,25.7222,166.1,25.7177,165.4,8.1407,-415.2,8.1430,-414.3,8.1923,-395.0,8.2170,-385.4,8.2161,-385.7,8.2163,-385.6
Specialized PROJECT 74,Roval PROJECT 74,Halo,"10,000,000",,183,75,300,25.4363,124.2,25.5246,137.2,25.5319,138.2,25.6158,150.5,25.6433,154.6,25.6424,154.4,9.2017,-0.1,9.2085,2.5,9.2479,18.0,9.2757,28.8,9.2777,29.6,9.2935,35.8
Cannondale CAAD12,Zwift 32mm Carbon,Road,"106,300",6,183,75,150,19.0213,6.8,,,,,,,,,19.2059,41.8,4.7836,-1.4,,,,,,,,,4.8340,36.5
Cannondale R4000 Roller Blade,Cannondale R4000 Roller Blade,Halo,"10,000,000",,183,75,300,25.4128,120.8,25.4972,133.2,25.5055,134.4,25.5890,146.6,25.6166,150.6,25.6176,150.8,9.2216,7.7,9.2258,9.3,9.2666,25.3,9.2958,36.7,9.2954,36.5,9.3124,43.2
Zwift Concept Z1,Zwift Concept Z1,Halo,0,45,183,75,300,25.3705,114.6,25.4540,126.8,25.4621,128.0,25.5443,140.1,25.5729,144.2,25.5711,144.0,9.2816,31.1,9.2881,33.7,9.3267,48.8,9.3573,60.8,9.3569,60.6,9.3758,68.0
Cannondale CAAD13,Zwift 32mm Carbon,Road,"500,000",14,183,75,150,19.2913,58.0,,,,,,,,,19.4823,94.2,4.8203,26.2,,,,,,,,,4.8711,64.4
Zwift Recumbent Trike,Zwift Recumbent Trike,Recumbent,0,0,183,75,300,25.2344,96.7,25.3179,109.0,25.3236,109.8,25.4239,124.5,25.4497,128.3,25.4475,128.0,8.3062,-350.1,8.3101,-348.6,8.3586,-329.6,8.3853,-319.2,8.3860,-318.9,8.3854,-319.1
Cannondale EVO,Zwift 32mm Carbon,Road,"714,500",29,183,75,150,19.0412,10.5,,,,,,,,,19.2259,45.6,4.8466,46.0,,,,,,,,,4.8981,84.7
Pinarello Espada,Pinarello Pinarello Espada,Halo,"10,000,000",,183,75,300,26.1680,90.9,26.2341,100.2,26.2405,101.1,26.3330,114.1,26.3325,114.1,26.5256,141.3,9.0199,-9.6,9.0261,-7.2,9.0441,0.0,9.0724,11.3,9.0811,14.7,9.0868,17.0
Cannondale R4000 Roller Blade,Cannondale R4000 Roller Blade,Halo,"10,000,000",,183,75,150,19.6060,117.6,,,,,,,,,19.8073,155.8,4.7794,-4.6,,,,,,,,,4.8300,33.5
BMC Roadmachine,Zwift 32mm Carbon,Road,"344,100",18,183,75,300,24.6409,7.8,24.7178,19.0,24.7295,20.8,24.8060,32.0,24.8289,35.3,24.8276,35.1,9.2530,20.0,9.2581,21.9,9.3152,44.3,9.3429,55.1,9.3455,56.1,9.3440,55.6
Cannondale Super Six Evo,Zwift 32mm Carbon,Road,"768,200",29,183,75,150,19.2257,45.5,,,,,,,,,19.4167,81.7,4.8397,40.8,,,,,,,,,4.8908,79.2
BMC SLR01,Zwift 32mm Carbon,Road,"759,500",39,183,75,300,24.6459,8.5,24.7212,19.5,24.7299,20.8,24.8067,32.1,24.8294,35.4,24.8324,35.8,9.2750,28.6,9.2786,30.0,9.3185,45.6,9.3454,56.1,9.3465,56.5,9.3669,64.5
Cannondale SuperSix Evo LAB71,Zwift 32mm Carbon,Road,"1,750,000",40,183,75,150,19.3108,61.7,,,,,,,,,19.5024,98.0,4.8536,51.2,,,,,,,,,4.9055,90.3
Cannondale SuperSix EVO LAB71 Team,Zwift 32mm Carbon,Road,,,183,75,150,19.2882,61.5,,-3600.0,,-3600.0,,-3600.0,,-3600.0,,-3600.0,4.8569,53.7,,-3600.0,,-3600.0,,-3600.0,,-3600.0,,-3600.0
Cannondale Synapse,Zwift 32mm Carbon,Road,"270,100",12,183,75,150,19.0323,8.9,,,,,,,,,19.2180,44.1,4.8193,25.4,,,,,,,,,4.8701,63.6
BMC TeamMachine,Zwift 32mm Carbon,Road,"969,200",39,183,75,300,24.8718,41.6,24.9502,53.1,24.9582,54.2,25.0364,65.7,25.0622,69.5,25.0641,69.8,9.2996,38.2,9.3033,39.6,9.3446,55.8,9.3730,66.9,9.3736,67.1,9.3922,74.4
Cannondale System Six,Zwift 32mm Carbon,Road,"725,100",20,183,75,150,19.3006,59.7,,,,,,,,,19.4939,96.4,4.7946,6.8,,,,,,,,,4.8454,45.1
Bridgestone Anchor RS9s,Zwift 32mm Carbon,Road,"200,000",10,183,75,300,24.6498,9.1,24.6894,14.9,24.7078,17.6,24.7835,28.7,24.7961,30.5,24.7942,30.2,9.3066,40.9,9.3070,41.1,9.4279,88.4,9.4548,98.9,9.4570,99.8,9.4578,100.1
Canyon Aeroad 2015,Zwift 32mm Carbon,Road,"532,500",23,183,75,150,19.2825,56.3,,,,,,,,,19.4743,92.7,4.8013,11.9,,,,,,,,,4.8513,49.5
Cannondale CAAD12,Zwift 32mm Carbon,Road,"106,300",6,183,75,300,24.6339,6.8,24.7349,21.6,24.7456,23.1,24.8232,34.5,24.8240,34.6,24.8202,34.0,9.2011,-0.4,9.2073,2.1,9.2665,25.2,9.2935,35.8,9.2937,35.9,9.2937,35.9
Canyon Aeroad 2021,Zwift 32mm Carbon,Road,"1,029,200",27,183,75,150,19.3014,59.9,,,,,,,,,19.4938,96.4,4.8346,36.9,,,,,,,,,4.8853,75.1
Cannondale CAAD13,Zwift 32mm Carbon,Road,"500,000",14,183,75,300,24.9867,58.4,25.0655,70.0,25.0766,71.6,25.1550,83.1,25.1815,86.9,25.1772,86.3,9.2785,29.9,9.2841,32.1,9.3413,54.5,9.3704,65.9,9.3722,66.6,9.3739,67.3
Canyon Aeroad 2024,Zwift 32mm Carbon,Road,"1,100,000",10,183,75,150,19.3175,62.9,,,,,,,,,19.5090,99.2,4.8403,41.2,,,,,,,,,4.8907,79.1
Cannondale EVO,Zwift 32mm Carbon,Road,"714,500",29,183,75,300,24.6515,9.3,24.7273,20.4,24.7382,22.0,24.8142,33.2,24.8403,37.0,24.8383,36.7,9.3132,43.5,9.3176,45.2,9.3764,68.2,9.4080,80.6,9.4065,80.0,9.4075,80.4
Canyon Aeroad CFR Alpecin Premier-Tech,Zwift 32mm Carbon,Road,,,183,75,150,19.2940,62.6,,-3600.0,,-3600.0,,-3600.0,,-3600.0,,-3600.0,4.8404,41.3,,-3600.0,,-3600.0,,-3600.0,,-3600.0,,-3600.0
Cannondale Super Six Evo,Zwift 32mm Carbon,Road,"768,200",29,183,75,300,24.8980,45.4,24.9761,56.9,24.9853,58.2,25.0655,70.0,25.0883,73.3,25.0898,73.5,9.3102,42.3,9.3148,44.1,9.3542,59.5,9.3816,70.3,9.3835,71.0,9.4049,79.4
Canyon Grail,Zwift Gravel,Gravel,"750,000",26,183,75,150,17.8032,-224.2,,,,,,,,,17.9888,-189.0,4.5998,-139.7,,,,,,,,,4.6476,-103.7
Cannondale SuperSix Evo LAB71,Zwift 32mm Carbon,Road,"1,750,000",40,183,75,300,25.0071,61.4,25.0865,73.0,25.0947,74.2,25.1739,85.8,25.1991,89.5,25.1984,89.4,9.3387,53.5,9.3438,55.5,9.3843,71.3,9.4116,82.0,9.4137,82.8,9.4342,90.8
Cannondale SuperSix EVO LAB71 Team,Zwift 32mm Carbon,Road,"1,750,000",40,183,75,300,25.0012,62.6,25.0800,74.1,25.0869,75.1,25.1655,86.7,25.1945,90.9,25.1951,91.0,9.3426,55.4,9.3488,57.8,9.3891,73.6,9.4178,84.8,9.4185,85.1,9.4398,93.4
Canyon Inflite,Zwift Gravel,Gravel,"200,000",8,183,75,150,17.7327,-237.6,,,,,,,,,17.9179,-202.5,4.5511,-176.3,,,,,,,,,4.5980,-141.1
Cannondale Synapse,Zwift 32mm Carbon,Road,"270,100",12,183,75,300,24.6440,8.2,24.7439,22.9,24.7549,24.5,24.8327,35.9,24.8313,35.7,24.8304,35.5,9.2646,24.5,9.2707,26.9,9.3295,49.9,9.3575,60.8,9.3579,61.0,9.3586,61.3
Canyon Lux,Zwift Mountain,MTB,"275,000",11,183,75,150,17.1106,-355.5,,,,,,,,,17.2853,-322.4,4.2671,-390.0,,,,,,,,,4.3365,-337.8
Cannondale System Six,Zwift 32mm Carbon,Road,"725,100",20,183,75,300,25.0046,61.0,25.0842,72.7,25.0957,74.4,25.1756,86.1,25.2011,89.8,25.1993,89.5,9.2365,13.5,9.2400,14.9,9.3002,38.4,9.3268,48.8,9.3277,49.2,9.3290,49.7
Canyon Speedmax,Zwift 32mm Carbon,TT,"424,600",31,183,75,150,19.7610,21.0,,,,,,,,,20.0856,75.6,4.6994,17.9,,,,,,,,,4.7324,43.3
Canyon Aeroad 2015,Zwift 32mm Carbon,Road,"532,500",23,183,75,300,24.9774,57.1,25.0574,68.8,25.0709,70.7,25.1505,82.4,25.1740,85.8,25.1716,85.5,9.2460,17.2,9.2490,18.4,9.3082,41.5,9.3369,52.8,9.3378,53.1,9.3386,53.4
Canyon Speedmax CF SLX Disc,Zwift 32mm Carbon,TT,"1,200,000",31,183,75,150,19.8743,41.8,,,,,,,,,20.2020,96.9,4.7016,19.6,,,,,,,,,4.7358,45.9
Canyon Aeroad 2021,Zwift 32mm Carbon,Road,"1,029,200",27,183,75,300,25.0003,60.4,25.0790,71.9,25.0876,73.2,25.1674,84.9,25.1920,88.5,25.1935,88.7,9.3044,40.1,9.3088,41.8,9.3469,56.7,9.3772,68.5,9.3782,68.9,9.3981,76.7
Canyon Speedmax CFR,Zwift 32mm Carbon,TT,,,183,75,150,19.9036,47.1,,,,,,,,,,,4.7179,32.1,,,,,,,,,,
Canyon Aeroad 2024,Zwift 32mm Carbon,Road,"1,100,000",10,183,75,300,25.0181,63.0,25.0992,74.9,25.1082,76.2,25.1874,87.8,25.2125,91.5,25.2126,91.5,9.3141,43.9,9.3189,45.7,9.3595,61.6,9.3860,72.0,9.3903,73.7,9.4099,81.3
Canyon Aeroad CFR Alpecin Premier-Tech,Zwift 32mm Carbon,Road,"1,750,000",30,183,75,300,25.0061,63.3,25.0830,74.6,25.0911,75.8,25.1721,87.6,25.2029,92.1,25.2050,92.4,9.3125,43.6,9.3151,44.6,9.3563,60.7,9.3844,71.7,9.3867,72.6,9.4057,80.1
Canyon Ultimate,Zwift 32mm Carbon,Road,"322,500",12,183,75,150,19.0383,10.0,,,,,,,,,19.2227,45.0,4.8386,39.9,,,,,,,,,4.8897,78.4
Canyon Ultimate,Zwift 32mm Carbon,Road,"322,500",12,183,75,300,24.6493,9.0,24.7245,20.0,24.7360,21.7,24.8123,32.9,24.8383,36.7,24.8358,36.3,9.2986,37.8,9.3039,39.9,9.3627,62.9,9.3907,73.8,9.3924,74.5,9.3918,74.3
Canyon Ultimate CFR,Zwift 32mm Carbon,Road,"350,700",12,183,75,150,19.0414,10.6,,,,,,,,,19.2257,45.5,4.8471,46.3,,,,,,,,,4.8987,85.2
Canyon Ultimate CFR,Zwift 32mm Carbon,Road,"350,700",12,183,75,300,24.6510,9.3,24.7279,20.5,24.7350,21.6,24.8110,32.7,24.8365,36.4,24.8383,36.7,9.3151,44.2,9.3187,45.7,9.3556,60.1,9.3867,72.3,9.3878,72.7,9.4067,80.1
Cervelo Aspero,Zwift Gravel,Gravel,"800,000",32,183,75,150,17.8536,-214.6,,,,,,,,,18.0402,-179.3,4.5764,-157.3,,,,,,,,,4.6237,-121.7
Cervelo R5,Zwift 32mm Carbon,Road,"633,600",28,183,75,300,24.6529,9.5,24.7244,20.0,24.7350,21.6,24.8124,32.9,24.8369,36.5,24.8354,36.3,9.2941,36.0,9.2988,37.9,9.3594,61.6,9.3858,71.9,9.3885,73.0,9.3874,72.5
Cervelo P5,Zwift 32mm Carbon,TT,"920,700",34,183,75,150,19.8101,30.0,,,,,,,,,20.1352,84.7,4.7122,27.7,,,,,,,,,4.7455,53.4
Cervelo S3D,Zwift 32mm Carbon,Road,"415,300",15,183,75,300,24.9448,52.3,25.0242,63.9,25.0361,65.7,25.1146,77.1,25.1424,81.2,25.1404,80.9,9.2144,4.9,9.2164,5.6,9.2784,29.9,9.3041,39.9,9.3057,40.6,9.3065,40.9
Cervelo S5,Zwift 32mm Carbon,Road,"1,800,000",40,183,75,300,25.0073,63.5,25.0849,74.8,25.0926,76.0,25.1728,87.7,25.2025,92.1,25.2058,92.6,9.3028,39.8,9.3073,41.6,9.3465,56.9,9.3757,68.3,9.3765,68.6,9.3958,76.2
Cervelo PX-Series,Zwift 32mm Carbon,TT,"1,000,000",34,183,75,150,19.8510,37.5,,,,,,,,,20.0905,76.5,4.6999,18.2,,,,,,,,,4.7487,55.8
Cervelo S5 2015,Zwift 32mm Carbon,Road,"1,438,400",36,183,75,300,25.0101,61.8,25.0931,74.0,25.1062,75.9,25.1858,87.6,25.2104,91.2,25.2084,90.9,9.2807,30.8,9.2848,32.4,9.3461,56.4,9.3740,67.3,9.3732,67.0,9.3734,67.1
Cervelo R5,Zwift 32mm Carbon,Road,"633,600",28,183,75,150,19.0375,9.8,,,,,,,,,19.2230,45.0,4.8359,37.9,,,,,,,,,4.8876,76.8
Cervelo S5 2020,Zwift 32mm Carbon,Road,"1,481,000",36,183,75,300,25.0138,62.4,25.0934,74.0,25.1034,75.5,25.1835,87.2,25.2076,90.8,25.2092,91.0,9.2822,31.4,9.2858,32.8,9.3259,48.5,9.3536,59.3,9.3548,59.8,9.3766,68.3
Cervelo S3D,Zwift 32mm Carbon,Road,"415,300",15,183,75,150,19.2539,50.9,,,,,,,,,19.4472,87.5,4.7829,-2.0,,,,,,,,,4.8338,36.3
Chapter2 Koko,Zwift 32mm Carbon,Road,"505,500",21,183,75,300,24.7066,17.4,24.7832,28.6,24.7909,29.8,24.8694,41.2,24.8929,44.7,24.8918,44.5,9.2845,32.3,9.2915,35.0,9.3296,49.9,9.3583,61.1,9.3593,61.5,9.3796,69.5
Cervelo S5,Zwift 32mm Carbon,Road,,,183,75,150,19.2956,62.9,,-3600.0,,-3600.0,,-3600.0,,-3600.0,,-3600.0,4.8332,35.9,,-3600.0,,-3600.0,,-3600.0,,-3600.0,,-3600.0
Chapter2 Rere,Zwift 32mm Carbon,Road,"326,400",13,183,75,300,24.6868,14.5,24.7632,25.7,24.7733,27.2,24.8514,38.6,24.8756,42.2,24.8740,41.9,9.2227,8.1,9.2293,10.7,9.2863,33.0,9.3140,43.8,9.3152,44.3,9.3142,43.9
Cervelo S5 2015,Zwift 32mm Carbon,Road,"1,438,400",36,183,75,150,19.3095,61.4,,,,,,,,,19.5034,98.2,4.8213,26.9,,,,,,,,,4.8716,64.8
Chapter2 Tere,Zwift 32mm Carbon,Road,"199,400",6,183,75,300,24.6490,9.0,24.7481,23.5,24.7609,25.4,24.8379,36.6,24.8369,36.5,24.8353,36.3,9.2941,36.0,9.2999,38.3,9.3591,61.5,9.3868,72.3,9.3870,72.4,9.3871,72.4
Cervelo S5 2020,Zwift 32mm Carbon,Road,"1,481,000",36,183,75,150,19.3101,61.5,,,,,,,,,19.5038,98.3,4.8216,27.2,,,,,,,,,4.8724,65.4
Chapter2 Toa,Zwift 32mm Carbon,Road,"800,000",33,183,75,300,24.9937,59.4,25.0718,70.9,25.0828,72.5,25.1614,84.0,25.1873,87.8,25.1854,87.5,9.3009,38.7,9.3037,39.8,9.3647,63.7,9.3928,74.6,9.3936,75.0,9.3941,75.2
Chapter2 Koko,Zwift 32mm Carbon,Road,"505,500",21,183,75,150,19.0821,18.3,,,,,,,,,19.2682,53.6,4.8299,33.4,,,,,,,,,4.8804,71.4
Colnago V3RS,Zwift 32mm Carbon,Road,"800,000",38,183,75,300,24.6450,8.4,24.7196,19.3,24.7279,20.5,24.8053,31.9,24.8278,35.2,24.8304,35.5,9.2657,24.9,9.2685,26.0,9.3077,41.4,9.3352,52.1,9.3366,52.7,9.3582,61.1
Chapter2 Rere,Zwift 32mm Carbon,Road,"326,400",13,183,75,150,19.0619,14.5,,,,,,,,,19.2489,49.9,4.7937,6.2,,,,,,,,,4.8449,44.7
Cube Litening,Zwift 32mm Carbon,Road,"536,500",24,183,75,300,24.6482,8.9,24.7233,19.9,24.7343,21.5,24.8110,32.7,24.8362,36.4,24.8346,36.1,9.2911,34.9,9.2935,35.8,9.3527,59.0,9.3804,69.8,9.3804,69.8,9.3815,70.2
Chapter2 Tere,Zwift 32mm Carbon,Road,"199,400",6,183,75,150,19.0377,9.9,,,,,,,,,19.2230,45.0,4.8355,37.6,,,,,,,,,4.8873,76.6
Cube Litening C:68X,Zwift 32mm Carbon,Road,"604,200",24,183,75,300,24.6504,9.2,24.7267,20.4,24.7343,21.5,24.8111,32.7,24.8363,36.4,24.8376,36.6,9.3113,42.8,9.3157,44.5,9.3552,59.9,9.3832,70.9,9.3848,71.5,9.4064,80.0
Chapter2 Toa,Zwift 32mm Carbon,Road,"800,000",33,183,75,150,19.2947,58.6,,,,,,,,,19.4881,95.3,4.8322,35.1,,,,,,,,,4.8838,73.9
Factor One,Zwift 32mm Carbon,Road,"600,000",19,183,75,300,24.9397,51.5,25.0177,63.0,25.0274,64.4,25.1069,76.0,25.1312,79.6,25.1330,79.8,9.2309,11.3,9.2340,12.5,9.2727,27.7,9.3011,38.8,9.3027,39.4,9.3225,47.1
Colnago V3RS,Zwift 32mm Carbon,Road,"800,000",38,183,75,150,19.0323,8.9,,,,,,,,,19.2186,44.2,4.8193,25.4,,,,,,,,,4.8702,63.7
Felt AR,Zwift 32mm Carbon,Road,"714,100",23,183,75,300,25.0155,62.6,25.0954,74.3,25.1079,76.2,25.1862,87.6,25.2129,91.5,25.2108,91.2,9.2958,36.7,9.2983,37.7,9.3586,61.3,9.3863,72.1,9.3869,72.3,9.3882,72.8
Cube Aerium,Zwift 32mm Carbon,TT,"251,700",10,183,75,150,19.7624,21.3,,,,,,,,,20.0858,75.6,4.7009,19.0,,,,,,,,,4.7344,44.8
Felt FR,Zwift 32mm Carbon,Road,"562,700",16,183,75,300,24.7719,27.0,24.8485,38.2,24.8551,39.2,24.9347,50.8,24.9594,54.4,24.9609,54.6,9.3035,39.7,9.3066,40.9,9.3489,57.5,9.3748,67.6,9.3772,68.5,9.3955,75.7
Cube Litening,Zwift 32mm Carbon,Road,"536,500",24,183,75,150,19.0368,9.7,,,,,,,,,19.2220,44.8,4.8335,36.1,,,,,,,,,4.8846,74.6
Focus Izalco Max,Zwift 32mm Carbon,Road,"712,900",22,183,75,300,24.9709,56.1,25.0514,67.9,25.0643,69.8,25.1445,81.5,25.1676,84.9,25.1661,84.7,9.2798,30.4,9.2853,32.6,9.3426,55.0,9.3717,66.4,9.3728,66.8,9.3739,67.3
Cube Litening C:68X,Zwift 32mm Carbon,Road,"604,200",24,183,75,150,19.0395,10.2,,,,,,,,,19.2258,45.5,4.8458,45.4,,,,,,,,,4.8972,84.0
Giant Propel Advanced SL Disc,Zwift 32mm Carbon,Road,"1,102,900",35,183,75,300,24.9731,56.4,25.0527,68.1,25.0615,69.4,25.1423,81.2,25.1660,84.7,25.1673,84.9,9.2675,25.6,9.2712,27.1,9.3115,42.8,9.3385,53.4,9.3400,54.0,9.3613,62.3
Giant Propel Advanced SL Team,Zwift 32mm Carbon,Road,"1,700,000",40,183,75,300,24.9951,61.7,25.0728,73.1,25.0783,73.9,25.1567,85.4,25.1887,90.1,25.1881,90.0,9.3124,43.5,9.3235,47.9,9.3650,64.1,9.3926,74.9,9.3933,75.2,9.4127,82.8
DiamondBack Andean,Zwift 32mm Carbon,TT,"950,000",39,183,75,150,19.7642,21.6,,,,,,,,,20.0877,76.0,4.7061,23.0,,,,,,,,,4.7398,49.0
Giant TCR Advanced SL 2021,Zwift 32mm Carbon,Road,"566,100",27,183,75,300,24.6466,8.6,24.7222,19.7,24.7325,21.2,24.8101,32.6,24.8366,36.4,24.8330,35.9,9.2817,31.2,9.2853,32.6,9.3442,55.6,9.3726,66.7,9.3737,67.2,9.3722,66.6
Giant TCR Advanced SL 2025,Zwift 32mm Carbon,Road,"1,100,000",25,183,75,300,25.0056,61.2,25.0832,72.5,25.0924,73.9,25.1706,85.3,25.1963,89.1,25.1994,89.6,9.3193,45.9,9.3236,47.6,9.3637,63.3,9.3904,73.7,9.3919,74.3,9.4122,82.2
Factor One,Zwift 32mm Carbon,Road,"600,000",19,183,75,150,19.2511,50.3,,,,,,,,,19.4444,87.0,4.7924,5.2,,,,,,,,,4.8431,43.3
Giant TCR BikeExchange-Jayco Team,Zwift 32mm Carbon,Road,"543,100",27,183,75,300,24.7644,25.9,24.8412,37.1,24.8484,38.2,24.9265,49.6,24.9518,53.3,24.9530,53.5,9.2456,17.1,9.2484,18.2,9.2884,33.8,9.3152,44.3,9.3170,45.0,9.3370,52.8
Felt AR,Zwift 32mm Carbon,Road,"714,100",23,183,75,150,19.3121,61.9,,,,,,,,,19.5057,98.6,4.8288,32.6,,,,,,,,,4.8792,70.5
Liv Langma Advanced SL 2021,Zwift 32mm Carbon,Road,"511,300",24,183,75,300,24.6469,8.7,24.6970,16.0,24.7021,16.7,24.7788,28.0,24.7792,28.0,24.9289,50.0,9.2795,30.3,9.2835,31.9,9.3031,39.6,9.3328,51.2,9.3389,53.6,9.3485,57.3
Liv Langma Advanced SL 2025,Zwift 32mm Carbon,Road,"1,000,000",8,183,75,300,24.9982,60.1,25.0770,71.6,25.0851,72.8,25.1633,84.3,25.1897,88.1,25.1923,88.5,9.3095,42.1,9.3143,43.9,9.3533,59.2,9.3819,70.4,9.3847,71.5,9.4034,78.8
Felt FR,Zwift 32mm Carbon,Road,"562,700",16,183,75,150,19.1307,27.5,,,,,,,,,19.3178,63.0,4.8385,39.9,,,,,,,,,4.8902,78.8
Liv Langma SL Advanced Disc,Zwift 32mm Carbon,Road,"613,200",24,183,75,300,24.7683,26.4,24.8469,38.0,24.8576,39.5,24.9355,50.9,24.9605,54.6,24.9592,54.4,9.2888,34.0,9.2933,35.7,9.3527,59.0,9.3824,70.6,9.3822,70.5,9.3820,70.4
Felt IA,Zwift 32mm Carbon,TT,"515,100",16,183,75,150,19.8510,37.5,,,,,,,,,20.1763,92.2,4.7003,18.6,,,,,,,,,4.7337,44.3
Moots Vamoots RCS,Zwift 32mm Carbon,Road,"275,000",8,183,75,300,24.6308,6.3,24.7067,17.4,24.7149,18.6,24.7944,30.3,24.8171,33.6,24.8188,33.8,9.1895,-4.9,9.1942,-3.1,9.2318,11.7,9.2606,22.9,9.2608,23.0,9.2814,31.1
Felt IA 2.0,Zwift 32mm Carbon,TT,"750,000",16,183,75,150,19.8569,38.6,,,,,,,,,20.1811,93.1,4.7140,29.1,,,,,,,,,4.7487,55.8
Focus Izalco Max,Zwift 32mm Carbon,Road,"712,900",22,183,75,150,19.2804,55.9,,,,,,,,,19.4710,92.0,4.8214,27.0,,,,,,,,,4.8718,64.9
Giant Propel Advanced SL Disc,Zwift 32mm Carbon,Road,"1,102,900",35,183,75,150,19.2790,55.6,,,,,,,,,19.4706,92.0,4.8135,21.1,,,,,,,,,4.8643,59.3
Giant Propel Advanced SL Team,Zwift 32mm Carbon,Road,,,183,75,150,19.2885,61.6,,-3600.0,,-3600.0,,-3600.0,,-3600.0,,-3600.0,4.8396,40.7,,-3600.0,,-3600.0,,-3600.0,,-3600.0,,-3600.0
Giant Revolt Advanced Pro,Zwift Gravel,Gravel,"475,000",23,183,75,150,17.7847,-227.7,,,,,,,,,17.9719,-192.2,4.5694,-162.6,,,,,,,,,4.6169,-126.8
Giant TCR Advanced SL 2021,Zwift 32mm Carbon,Road,"566,100",27,183,75,150,19.0351,9.4,,,,,,,,,19.2206,44.6,4.8280,32.0,,,,,,,,,4.8783,69.8
Giant TCR Advanced SL 2025,Zwift 32mm Carbon,Road,,,183,75,150,19.2846,60.9,,-3600.0,,-3600.0,,-3600.0,,-3600.0,,-3600.0,4.8426,43.0,,-3600.0,,-3600.0,,-3600.0,,-3600.0,,-3600.0
Giant TCR BikeExchange-Jayco Team,Zwift 32mm Carbon,Road,"543,100",27,183,75,150,19.1199,25.5,,,,,,,,,19.3081,61.2,4.8060,15.4,,,,,,,,,4.8553,52.5
Lauf True Grit,Zwift Gravel,Gravel,"125,000",5,183,75,150,17.6736,-248.8,,,,,,,,,17.8581,-213.8,4.5071,-209.4,,,,,,,,,4.5537,-174.4
Liv Devote Advanced Pro,Zwift Gravel,Gravel,"450,000",17,183,75,150,17.7843,-227.8,,,,,,,,,17.9719,-192.2,4.5704,-161.8,,,,,,,,,4.6171,-126.7
Liv Langma Advanced SL 2021,Zwift 32mm Carbon,Road,"511,300",24,183,75,150,19.0352,9.4,,,,,,,,,19.2930,58.3,4.8276,31.7,,,,,,,,,4.8630,58.3
Liv Langma SL Advanced Disc,Zwift 32mm Carbon,Road,"613,200",24,183,75,150,19.1293,27.2,,,,,,,,,19.3153,62.5,4.8306,33.9,,,,,,,,,4.8814,72.1
Moots Vamoots RCS,Zwift 32mm Carbon,Road,"275,000",8,183,75,150,19.0196,6.4,,,,,,,,,19.2046,41.5,4.7759,-7.2,,,,,,,,,4.8267,31.0
Mosaic RT-1d,Zwift 32mm Carbon,Road,"250,000",11,183,75,150,19.0185,6.2,,,,,,,,,19.2048,41.6,4.7766,-6.7,,,,,,,,,4.8267,31.0
Parlee ESX,Zwift 32mm Carbon,Road,"153,200",5,183,75,150,19.1199,25.5,,,,,,,,,19.3076,61.1,4.8031,13.2,,,,,,,,,4.8536,51.2
Parlee RZ7,Zwift 32mm Carbon,Road,"771,800",32,183,75,150,19.2106,42.7,,,,,,,,,19.4003,78.6,4.7996,10.6,,,,,,,,,4.8507,49.0
Pinarello Bolide,Zwift 32mm Carbon,TT,"618,400",28,183,75,150,19.7570,20.3,,,,,,,,,20.0805,74.6,4.6856,7.2,,,,,,,,,4.7188,32.8
Pinarello Bolide TT,Zwift 32mm Carbon,TT,"627,000",28,183,75,150,19.7562,20.1,,,,,,,,,20.0786,74.3,4.6828,5.1,,,,,,,,,4.7163,30.9
Pinarello Dogma 65.1,Zwift 32mm Carbon,Road,"577,800",40,183,75,150,19.1123,24.0,,,,,,,,,19.3011,59.8,4.7816,-2.9,,,,,,,,,4.8310,34.2
Pinarello Dogma F 2021,Zwift 32mm Carbon,Road,"1,350,000",32,183,75,150,19.2853,56.8,,,,,,,,,19.4769,93.2,4.8411,41.8,,,,,,,,,4.8918,80.0
Pinarello Dogma F 2024,Zwift 32mm Carbon,Road,"1,750,000",40,183,75,150,19.3139,62.3,,,,,,,,,19.5057,98.6,4.8473,46.5,,,,,,,,,4.8992,85.5
Pinarello Dogma F10,Zwift 32mm Carbon,Road,"1,081,900",40,183,75,150,19.2369,47.7,,,,,,,,,19.4288,84.0,4.8179,24.4,,,,,,,,,4.8691,62.9
Pinarello Dogma F12,Zwift 32mm Carbon,Road,"1,242,700",40,183,75,150,19.2611,52.2,,,,,,,,,19.4524,88.5,4.8233,28.4,,,,,,,,,4.8742,66.7
Pinarello Dogma X,Zwift 32mm Carbon,Road,"850,000",27,183,75,150,19.0350,9.4,,,,,,,,,19.2191,44.3,4.8227,28.0,,,,,,,,,4.8735,66.2
Pinarello Espada,Pinarello Pinarello Espada,Halo,"10,000,000",,183,75,150,20.1549,88.3,,,,,,,,,20.4711,281.7,4.6541,-98.8,,,,,,,,,4.6868,-74.2
Pinarello F8,Zwift 32mm Carbon,Road,0,0,183,75,150,19.1981,40.3,,,,,,,,,19.3881,76.3,4.8136,21.1,,,,,,,,,4.8645,59.4
Quintana Roo V-PR,Zwift 32mm Carbon,TT,"297,400",13,183,75,150,19.7613,21.1,,,,,,,,,20.0858,75.6,4.7003,18.6,,,,,,,,,4.7348,45.1
Mosaic RT-1d,Zwift 32mm Carbon,Road,"250,000",11,183,75,300,24.6315,6.4,24.7067,17.4,24.7192,19.3,24.7976,30.7,24.8206,34.1,24.8186,33.8,9.1903,-4.6,9.1931,-3.5,9.2535,20.1,9.2803,30.6,9.2815,31.1,9.2813,31.0
Ribble Endurance,Zwift 32mm Carbon,Road,"505,500",21,183,75,150,19.0888,19.6,,,,,,,,,19.2750,54.9,4.7911,4.2,,,,,,,,,4.8417,42.3
Parlee ESX,Zwift 32mm Carbon,Road,"153,200",5,183,75,300,24.7642,25.8,24.8641,40.5,24.8775,42.4,24.9554,53.8,24.9544,53.7,24.9527,53.4,9.2417,15.5,9.2471,17.6,9.3060,40.7,9.3342,51.7,9.3345,51.8,9.3338,51.6
Ridley Helium,Zwift 32mm Carbon,Road,"272,500",15,183,75,150,19.0283,8.1,,,,,,,,,19.2141,43.3,4.8056,15.1,,,,,,,,,4.8559,53.0
Parlee RZ7,Zwift 32mm Carbon,Road,"771,800",32,183,75,300,24.8832,43.3,24.9604,54.6,24.9694,55.9,25.0482,67.4,25.0740,71.2,25.0756,71.4,9.2416,15.5,9.2428,16.0,9.2825,31.5,9.3116,42.9,9.3128,43.3,9.3318,50.8
Ridley Noah Fast 2019,Zwift 32mm Carbon,Road,"950,000",33,183,75,150,19.2529,50.7,,,,,,,,,19.4453,87.2,4.7955,7.5,,,,,,,,,4.8452,44.9
Pinarello Dogma 65.1,Zwift 32mm Carbon,Road,"577,800",40,183,75,300,24.7580,24.9,24.8353,36.3,24.8467,37.9,24.9245,49.3,24.9504,53.1,24.9473,52.7,9.2025,0.2,9.2065,1.8,9.2645,24.5,9.2936,35.8,9.2958,36.7,9.2945,36.2
Scott Addict RC,Zwift 32mm Carbon,Road,"660,200",17,183,75,150,19.2563,51.3,,,,,,,,,19.4472,87.5,4.8470,46.3,,,,,,,,,4.8983,84.9
Scott Foil 2015,Zwift 32mm Carbon,Road,"676,900",26,183,75,150,19.0683,15.7,,,,,,,,,19.2549,51.1,4.8141,21.5,,,,,,,,,4.8646,59.5
Pinarello Dogma F 2021,Zwift 32mm Carbon,Road,"1,350,000",32,183,75,300,24.9739,56.5,25.0545,68.3,25.0637,69.7,25.1439,81.4,25.1673,84.9,25.1690,85.1,9.3147,44.1,9.3188,45.7,9.3588,61.3,9.3870,72.4,9.3882,72.8,9.4097,81.3
Scott Foil 2023,Zwift 32mm Carbon,Road,"864,600",26,183,75,150,19.2826,56.3,,,,,,,,,19.4719,92.2,4.8166,23.4,,,,,,,,,4.8670,61.3
Scott Plasma,Zwift 32mm Carbon,TT,"528,600",19,183,75,150,19.7687,22.4,,,,,,,,,20.0902,76.4,4.7146,29.6,,,,,,,,,4.7475,54.9
Scott Plasma RC Ultimate,Zwift 32mm Carbon,TT,"600,000",19,183,75,150,19.8569,38.6,,,,,,,,,20.1820,93.2,4.7160,30.6,,,,,,,,,4.7485,55.7
Pinarello Dogma F 2024,Zwift 32mm Carbon,Road,"1,750,000",40,183,75,300,25.0126,62.2,25.0926,73.9,25.1013,75.2,25.1816,87.0,25.2058,90.5,25.2047,90.3,9.3256,48.4,9.3307,50.3,9.3723,66.6,9.3997,77.3,9.4017,78.1,9.4220,86.1
Scott Spark RC,Zwift Mountain,MTB,"350,000",20,183,75,150,17.0987,-357.8,,,,,,,,,17.2748,-324.4,4.2802,-380.1,,,,,,,,,4.3517,-326.3
Scott Spark RC World Cup,Zwift Mountain,MTB,"750,000",20,183,75,150,17.1380,-350.3,,,,,,,,,17.3136,-317.0,4.2920,-371.2,,,,,,,,,4.3639,-317.2
Pinarello Dogma F10,Zwift 32mm Carbon,Road,"1,081,900",40,183,75,300,24.9185,48.4,24.9975,60.0,25.0055,61.2,25.0841,72.7,25.1099,76.5,25.1107,76.6,9.2731,27.8,9.2763,29.1,9.3158,44.5,9.3438,55.5,9.3445,55.7,9.3668,64.5
Specialized Aethos S-Works,Zwift 32mm Carbon,Road,"966,300",30,183,75,150,19.2323,46.8,,,,,,,,,19.3932,77.3,4.8602,56.2,,,,,,,,,4.9464,121.0
Specialized Allez,Zwift 32mm Carbon,Road,"122,700",9,183,75,150,19.0203,6.6,,,,,,,,,19.2060,41.8,4.7800,-4.1,,,,,,,,,4.8291,32.8
Pinarello Dogma F12,Zwift 32mm Carbon,Road,"1,242,700",40,183,75,300,24.9494,53.0,25.0274,64.4,25.0354,65.5,25.1146,77.1,25.1412,81.0,25.1420,81.2,9.2831,31.7,9.2863,33.0,9.3267,48.8,9.3541,59.5,9.3573,60.8,9.3762,68.2
Specialized Allez Sprint,Zwift 32mm Carbon,Road,"387,000",14,183,75,150,19.1933,39.4,,,,,,,,,19.3826,75.3,4.8142,21.6,,,,,,,,,4.8656,60.3
Pinarello Dogma X,Zwift 32mm Carbon,Road,"850,000",27,183,75,300,24.6447,8.3,24.7209,19.5,24.7286,20.6,24.8058,31.9,24.8283,35.2,24.8287,35.3,9.2707,26.9,9.2752,28.6,9.3127,43.3,9.3401,54.0,9.3431,55.2,9.3634,63.1
Specialized Amira,Zwift 32mm Carbon,Road,"730,400",36,183,75,150,19.0351,9.4,,,,,,,,,19.2212,44.7,4.8276,31.7,,,,,,,,,4.8789,70.3
Pinarello F8,Zwift 32mm Carbon,Road,0,0,183,75,300,24.8655,40.7,24.9443,52.2,24.9565,54.0,25.0353,65.5,25.0600,69.2,25.0577,68.8,9.2614,23.2,9.2667,25.3,9.3268,48.8,9.3554,60.0,9.3548,59.8,9.3555,60.1
Specialized Amira S-Works,Zwift 32mm Carbon,Road,"802,300",36,183,75,150,19.0383,10.0,,,,,,,,,19.2243,45.3,4.8383,39.7,,,,,,,,,4.8901,78.7
Ribble Endurance,Zwift 32mm Carbon,Road,"505,500",21,183,75,300,24.7224,19.7,24.8238,34.6,24.8365,36.4,24.9152,48.0,24.9132,47.7,24.9122,47.5,9.2187,6.5,9.2253,9.1,9.2849,32.4,9.3104,42.4,9.3120,43.0,9.3108,42.6
Specialized Crux,Zwift Gravel,Gravel,"950,000",35,183,75,150,17.8289,-219.3,,,,,,,,,18.0160,-183.9,4.6021,-138.0,,,,,,,,,4.6505,-101.6
Ridley Helium,Zwift 32mm Carbon,Road,"272,500",15,183,75,300,24.6414,7.9,24.7154,18.7,24.7278,20.5,24.8046,31.8,24.8274,35.1,24.8258,34.9,9.2400,14.9,9.2446,16.7,9.3027,39.4,9.3315,50.7,9.3315,50.7,9.3324,51.0
Specialized Diverge,Zwift Gravel,Gravel,"300,000",14,183,75,150,17.7745,-229.6,,,,,,,,,17.9600,-194.5,4.5547,-173.6,,,,,,,,,4.6013,-138.6
Ridley Noah Fast 2019,Zwift 32mm Carbon,Road,"950,000",33,183,75,300,24.9390,51.4,25.0182,63.0,25.0278,64.4,25.1077,76.1,25.1317,79.6,25.1338,80.0,9.2339,12.5,9.2380,14.1,9.2777,29.6,9.3030,39.5,9.3052,40.4,9.3252,48.2
Specialized Epic S-Works,Zwift Mountain,MTB,"950,000",29,183,75,150,17.1168,-354.4,,,,,,,,,17.2915,-321.2,4.2738,-384.9,,,,,,,,,4.3453,-331.2
Scott Addict RC,Zwift 32mm Carbon,Road,"660,200",17,183,75,300,24.9346,50.8,25.0145,62.5,25.0266,64.3,25.1051,75.8,25.1295,79.3,25.1278,79.1,9.3243,47.8,9.3277,49.2,9.3874,72.5,9.4163,83.8,9.4190,84.9,9.4190,84.9
Specialized PROJECT 74,Roval PROJECT 74,Halo,"10,000,000",,183,75,150,19.6223,120.7,,,,,,,,,19.8265,159.4,4.7685,-12.8,,,,,,,,,4.8192,25.4
Scott Foil 2015,Zwift 32mm Carbon,Road,"676,900",26,183,75,300,24.6921,15.3,24.7678,26.4,24.7788,28.0,24.8559,39.3,24.8810,42.9,24.8791,42.7,9.2560,21.1,9.2603,22.8,9.3210,46.6,9.3479,57.1,9.3496,57.7,9.3491,57.5
Specialized Roubaix,Zwift 32mm Carbon,Road,"333,500",18,183,75,150,19.0306,8.5,,,,,,,,,19.2160,43.7,4.8111,19.3,,,,,,,,,4.8622,57.7
Scott Foil 2023,Zwift 32mm Carbon,Road,"864,600",26,183,75,300,24.9738,56.5,25.0528,68.1,25.0617,69.4,25.1432,81.3,25.1659,84.7,25.1652,84.6,9.2723,27.5,9.2758,28.9,9.3163,44.7,9.3444,55.7,9.3454,56.1,9.3659,64.1
Specialized Roubaix S-Works,Zwift 32mm Carbon,Road,"405,200",18,183,75,150,19.0349,9.3,,,,,,,,,19.2928,58.3,4.8282,32.1,,,,,,,,,4.8629,58.2
Specialized Aethos S-Works,Zwift 32mm Carbon,Road,"966,300",30,183,75,300,24.9027,46.1,24.9423,51.9,24.9603,54.6,25.0378,65.9,25.0484,67.5,25.0508,67.8,9.3446,55.8,9.3470,56.7,9.4382,92.4,9.4663,103.4,9.4671,103.7,9.4974,115.6
Specialized Ruby,Zwift 32mm Carbon,Road,"333,500",18,183,75,150,19.0304,8.5,,,,,,,,,19.2164,43.8,4.8108,19.0,,,,,,,,,4.8615,57.2
Specialized Allez,Zwift 32mm Carbon,Road,"122,700",9,183,75,300,24.6323,6.5,24.7333,21.3,24.7443,22.9,24.8224,34.4,24.8233,34.5,24.8201,34.0,9.1949,-2.8,9.1999,-0.8,9.2590,22.3,9.2855,32.7,9.2859,32.8,9.2876,33.5
Specialized Ruby S-Works,Zwift 32mm Carbon,Road,"399,300",18,183,75,150,19.0352,9.4,,,,,,,,,19.2207,44.6,4.8281,32.0,,,,,,,,,4.8785,70.0
Specialized Allez Sprint,Zwift 32mm Carbon,Road,"387,000",14,183,75,300,24.8583,39.6,24.9364,51.1,24.9476,52.7,25.0277,64.4,25.0513,67.9,25.0492,67.6,9.2658,25.0,9.2688,26.1,9.3279,49.3,9.3570,60.6,9.3561,60.3,9.3575,60.8
Specialized S-Works Tarmac SL8,Zwift 32mm Carbon,Road,"1,750,000",40,183,75,150,19.3144,62.3,,,,,,,,,19.5056,98.6,4.8599,56.0,,,,,,,,,4.9116,94.9
Specialized Amira,Zwift 32mm Carbon,Road,"730,400",36,183,75,300,24.6470,8.7,24.7461,23.2,24.7584,25.0,24.8360,36.4,24.8306,35.6,24.8336,36.0,9.2806,30.7,9.2864,33.0,9.3467,56.6,9.3725,66.7,9.3738,67.2,9.3735,67.1
Canyon Speedmax CFR,Zwift 32mm Carbon,TT,"1,250,000",40,183,75,300,25.8432,47.1,25.9039,55.6,25.9054,55.8,25.9948,68.5,25.9940,68.3,26.1829,95.0,9.124,31.6,9.1269,32.8,9.1463,40.5,9.1739,51.5,9.1847,55.8,9.1927,58.9
Specialized Shiv,Zwift 32mm Carbon,TT,"643,800",37,183,75,150,19.7611,21.0,,,,,,,,,20.0848,75.4,4.6989,17.5,,,,,,,,,4.7327,43.5
Specialized Amira S-Works,Zwift 32mm Carbon,Road,"966,300",36,183,75,300,24.6493,9.0,24.7248,20.1,24.7360,21.7,24.8120,32.8,24.8390,36.8,24.8356,36.3,9.2983,37.7,9.3022,39.2,9.3617,62.5,9.3887,73.0,9.3914,74.1,9.3921,74.4
Cadex Tri,Zwift 32mm Carbon,TT,"1,500,000",40,183,75,300,25.8494,45.9,25.9115,54.7,25.9174,55.5,26.0054,67.9,26.0049,67.9,26.1858,93.4,9.1055,24.4,9.1083,25.6,9.1264,32.8,9.1550,44.1,9.1657,48.4,9.1728,51.2
Specialized Shiv Disc,Zwift 32mm Carbon,TT,"1,000,000",37,183,75,150,19.8381,35.1,,,,,,,,,20.1653,90.2,4.6991,17.6,,,,,,,,,4.7323,43.2
Specialized Roubaix,Zwift 32mm Carbon,Road,"333,500",18,183,75,300,24.6425,8.0,24.7175,19.0,24.7290,20.7,24.8064,32.0,24.8287,35.3,24.8278,35.2,9.2496,18.6,9.2542,20.4,9.3106,42.5,9.3410,54.4,9.3410,54.4,9.3419,54.7
Canyon Speedmax CF SLX Disc,Zwift 32mm Carbon,TT,"1,200,000",31,183,75,300,25.8203,41.8,25.8806,50.3,25.8865,51.2,25.9756,63.7,25.9762,63.8,26.1562,89.2,9.0988,21.8,9.1001,22.3,9.1204,30.4,9.1494,41.9,9.1584,45.5,9.1667,48.8
Specialized Shiv S-Works,Zwift 32mm Carbon,TT,"910,600",37,183,75,150,19.7686,22.4,,,,,,,,,20.0908,76.5,4.7143,29.3,,,,,,,,,4.7485,55.7
Specialized Roubaix S-Works,Zwift 32mm Carbon,Road,"405,200",18,183,75,300,24.6466,8.6,24.6971,16.0,24.7021,16.7,24.7791,28.0,24.7790,28.0,24.9285,49.9,9.2793,30.2,9.2810,30.9,9.3025,39.3,9.3294,49.8,9.3394,53.8,9.3483,57.2
Specialized Tarmac,Zwift 32mm Carbon,Road,"786,300",36,183,75,150,19.0377,9.9,,,,,,,,,19.2230,45.0,4.8356,37.7,,,,,,,,,4.8868,76.2
VanRysel RCR-X,Zwift 32mm Carbon,TT,"1,200,000",,183,75,300,25.8049,39.6,25.8680,48.5,25.8714,49.0,25.9599,61.5,25.9621,61.8,26.1419,87.2,9.0910,18.7,9.0926,19.3,9.1117,26.9,9.1389,37.7,9.1505,42.4,9.1578,45.3
Specialized Ruby,Zwift 32mm Carbon,Road,"333,500",18,183,75,300,24.6424,8.0,24.7411,22.5,24.7514,24.0,24.8305,35.5,24.8287,35.3,24.8273,35.1,9.2473,17.7,9.2557,21.0,9.3145,44.0,9.3413,54.5,9.3431,55.2,9.3418,54.7
Scott Plasma RC Ultimate,Zwift 32mm Carbon,TT,"600,000",19,183,75,300,25.7945,38.2,25.8543,46.6,25.8609,47.5,25.9480,59.8,25.9485,59.9,26.1286,85.3,9.1212,30.7,9.1238,31.7,9.1425,39.2,9.1719,50.9,9.1807,54.4,9.1896,57.9
Felt IA 2.0,Zwift 32mm Carbon,TT,"750,000",16,183,75,300,25.7921,37.8,25.8542,46.6,25.8604,47.5,25.9488,59.9,25.9479,59.8,26.1309,85.6,9.1196,30.1,9.1217,30.9,9.1408,38.5,9.1696,50.0,9.1791,53.7,9.1887,57.6
Cervelo PX-Series,Zwift 32mm Carbon,TT,"1,000,000",34,183,75,300,25.7900,37.5,25.8804,50.3,25.8901,51.7,25.9789,64.2,26.0021,67.5,26.0072,68.2,9.0920,19.1,9.0977,21.3,9.1367,36.9,9.1640,47.7,9.1656,48.4,9.1859,56.4
Felt IA,Zwift 32mm Carbon,TT,"515,100",16,183,75,300,25.7896,37.5,25.8499,46.0,25.8560,46.9,25.9440,59.3,25.9449,59.4,26.1266,85.0,9.0935,19.7,9.0969,21.0,9.1161,28.7,9.1423,39.1,9.1528,43.3,9.1623,47.0
Specialized Shiv Disc,Zwift 32mm Carbon,TT,"1,000,000",37,183,75,300,25.7741,35.3,25.8357,44.0,25.8417,44.8,25.9286,57.1,25.9286,57.1,26.1097,82.6,9.0928,19.4,9.0946,20.1,9.1157,28.5,9.1409,38.5,9.1501,42.2,9.1593,45.9
Trek Speed Concept SLR 9,Zwift 32mm Carbon,TT,"670,500",22,183,75,300,25.7718,35.0,25.8339,43.7,25.8393,44.5,25.9277,57.0,25.9283,57.1,26.1093,82.6,8.9969,-18.8,9.0009,-17.2,9.0191,-10.0,9.0478,1.5,9.0561,4.8,9.0628,7.4
Cervelo P5,Zwift 32mm Carbon,TT,"920,700",34,183,75,300,25.7347,29.7,25.7955,38.3,25.8026,39.3,25.8900,51.7,26.0692,76.9,26.0676,76.7,9.1155,28.4,9.1158,28.5,9.1449,40.1,9.1743,51.8,9.1816,54.7,9.1826,55.1
Specialized Tarmac Pro,Zwift 32mm Carbon,Road,"856,100",36,183,75,150,19.2048,41.6,,,,,,,,,19.3925,77.2,4.8477,46.8,,,,,,,,,4.8993,85.6
Specialized Ruby S-Works,Zwift 32mm Carbon,Road,"399,300",18,183,75,300,24.6421,8.0,24.7222,19.7,24.7336,21.4,24.8099,32.5,24.8351,36.2,24.8334,36.0,9.2791,30.2,9.2824,31.5,9.3405,54.2,9.3694,65.5,9.3728,66.8,9.3725,66.7
Specialized Tarmac SL7,Zwift 32mm Carbon,Road,"1,200,000",36,183,75,150,19.2564,51.3,,,,,,,,,19.4474,87.6,4.8479,46.9,,,,,,,,,4.8983,84.9
Specialized S-Works Tarmac SL8,Zwift 32mm Carbon,Road,"1,750,000",40,183,75,300,25.0106,61.9,25.0908,73.7,25.0991,74.9,25.1786,86.5,25.2038,90.2,25.2023,90.0,9.3492,57.6,9.3532,59.2,9.3933,74.8,9.4230,86.5,9.4236,86.7,9.4438,94.6
Ventum One,Zwift 32mm Carbon,TT,"440,800",25,183,75,300,25.7050,25.6,25.7935,38.0,25.8029,39.4,25.8904,51.7,25.9184,55.7,25.9205,56.0,9.0183,-10.3,9.0212,-9.1,9.0602,6.4,9.0859,16.6,9.0885,17.7,9.1091,25.9
Specialized S-Works Tarmac SL9,Zwift 32mm Carbon,Road,"1,900,000",40,183,75,300,25.0040,63.0,25.0790,74.0,25.0888,75.4,25.1687,87.1,25.1966,91.2,25.1994,91.6,9.3485,57.7,9.3512,58.7,9.3925,74.9,9.4219,86.4,9.4232,86.9,9.4428,94.6
Specialized Shiv S-Works,Zwift 32mm Carbon,TT,"910,600",37,183,75,300,25.6776,21.7,25.7375,30.1,25.7435,31.0,25.8309,43.3,25.8317,43.4,26.0076,68.2,9.1184,29.6,9.1193,29.9,9.1392,37.9,9.1666,48.8,9.1771,52.9,9.1838,55.6
Scott Plasma,Zwift 32mm Carbon,TT,"528,600",19,183,75,300,25.6775,21.7,25.7371,30.1,25.7444,31.1,25.8316,43.4,26.0088,68.4,26.0075,68.2,9.1154,28.4,9.1191,29.9,9.1470,41.0,9.1760,52.5,9.1848,56.0,9.1841,55.7
DiamondBack Andean,Zwift 32mm Carbon,TT,"950,000",39,183,75,300,25.6756,21.4,25.7349,29.8,25.7403,30.5,25.8282,42.9,25.8282,42.9,26.0048,67.8,9.1020,23.0,9.1055,24.4,9.1231,31.4,9.1502,42.2,9.1592,45.8,9.1693,49.8
QuintanaRoo Roo V-PR,Zwift 32mm Carbon,TT,"297,400",13,183,75,300,25.6741,21.2,25.7323,29.4,25.7382,30.2,25.8263,42.7,25.8265,42.7,26.0006,67.3,9.0929,19.4,9.0963,20.8,9.1142,27.9,9.1433,39.5,9.1514,42.7,9.1595,45.9
Cube Aerium,Zwift 32mm Carbon,TT,"251,700",10,183,75,300,25.6738,21.2,25.7328,29.5,25.7385,30.3,25.8254,42.5,25.8268,42.7,26.0033,67.6,9.0907,18.5,9.0945,20.1,9.1148,28.1,9.1412,38.7,9.1525,43.1,9.1600,46.1
Canyon Speedmax,Zwift 32mm Carbon,TT,"424,600",31,183,75,300,25.6735,21.1,25.7323,29.4,25.7401,30.5,25.8285,43.0,26.0058,68.0,26.0030,67.6,9.0881,17.5,9.0919,19.0,9.1197,30.1,9.1478,41.3,9.1539,43.7,9.1562,44.6
Specialized Shiv,Zwift 32mm Carbon,TT,"643,800",37,183,75,300,25.6732,21.1,25.7320,29.4,25.7379,30.2,25.8264,42.7,25.8261,42.6,26.0026,67.5,9.0893,18.0,9.0897,18.2,9.1108,26.5,9.1376,37.2,9.1478,41.3,9.1550,44.1
BMC Timemachine01,Zwift 32mm Carbon,TT,"400,000",7,183,75,300,25.6728,21.0,25.7321,29.4,25.7396,30.4,25.8275,42.8,26.0046,67.8,26.0033,67.6,9.0875,17.3,9.0897,18.2,9.1204,30.4,9.1466,40.8,9.1544,43.9,9.1587,45.6
Pinarello Bolide,Zwift 32mm Carbon,TT,"618,400",28,183,75,300,25.6699,20.6,25.7280,28.8,25.7361,29.9,25.8238,42.3,26.0022,67.5,25.9995,67.1,9.0646,8.2,9.0663,8.8,9.0948,20.2,9.1234,31.6,9.1316,34.8,9.1316,34.8
Pinarello Bolide TT,Zwift 32mm Carbon,TT,"627,000",28,183,75,300,25.6688,20.5,25.7276,28.7,25.7330,29.5,25.8208,41.9,25.8219,42.0,25.9984,66.9,9.0585,5.7,9.0617,7.0,9.0822,15.2,9.1090,25.8,9.1202,30.3,9.1256,32.4
Specialized Tarmac SL8,Zwift 32mm Carbon,Road,"700,000",35,183,75,150,19.3071,61.0,,,,,,,,,19.4982,97.2,4.8478,46.9,,,,,,,,,4.8985,85.0
Specialized Tarmac,Zwift 32mm Carbon,Road,"786,300",36,183,75,300,24.6487,8.9,24.7246,20.0,24.7356,21.7,24.8121,32.9,24.8395,36.9,24.8354,36.3,9.2952,36.5,9.2982,37.6,9.3571,60.7,9.3851,71.6,9.3872,72.5,9.3870,72.4
Specialized S-Works Tarmac SL9,Zwift 32mm Carbon,Road,,,183,75,150,19.2929,62.4,,-3600.0,,-3600.0,,-3600.0,,-3600.0,,-3600.0,4.8599,56.0,,-3600.0,,-3600.0,,-3600.0,,-3600.0,,-3600.0
Specialized Tarmac Pro,Zwift 32mm Carbon,Road,"856,100",36,183,75,300,24.8677,41.0,24.9458,52.4,24.9582,54.2,25.0363,65.7,25.0623,69.5,25.0581,68.9,9.3232,47.4,9.3259,48.5,9.3874,72.5,9.4166,84.0,9.4165,83.9,9.4178,84.4
Zwift BMX Bandit,Zwift BMX Bandit,Funny,0,0,183,75,300,24.6601,10.6,24.7609,25.4,24.7720,27.0,24.8577,39.5,24.8569,39.4,24.8523,38.7,8.6047,-233.7,8.6095,-231.8,8.6611,-211.6,8.6869,-201.5,8.6876,-201.2,8.6890,-200.7
Zwift MX Rider,Zwift MX Rider,Funny,0,0,183,75,300,24.6578,10.3,24.7562,24.7,24.7643,25.9,24.8551,39.2,24.8551,39.2,24.8547,39.1,8.6070,-232.8,8.6095,-231.8,8.6610,-211.6,8.6876,-201.2,8.6881,-201.0,8.6883,-201.0
Specialized Venge 2015,Zwift 32mm Carbon,Road,"461,500",18,183,75,150,19.2977,59.2,,,,,,,,,19.4905,95.7,4.7980,9.4,,,,,,,,,4.8487,47.5
Specialized Tarmac SL7,Zwift 32mm Carbon,Road,"1,200,000",36,183,75,300,24.9355,50.9,25.0153,62.6,25.0230,63.7,25.1037,75.5,25.1289,79.2,25.1290,79.3,9.3242,47.8,9.3303,50.2,9.3694,65.5,9.3976,76.5,9.3986,76.9,9.4206,85.5
Specialized Venge S-Works 2019,Zwift 32mm Carbon,Road,"1,200,000",37,183,75,150,19.3137,62.2,,,,,,,,,19.5071,98.9,4.8276,31.7,,,,,,,,,4.8786,70.0
Specialized Tarmac SL8,Zwift 32mm Carbon,Road,"700,000",35,183,75,300,25.0022,60.7,25.0813,72.3,25.0910,73.7,25.1704,85.3,25.1951,88.9,25.1946,88.9,9.3286,49.5,9.3330,51.2,9.3730,66.9,9.4013,78.0,9.4024,78.4,9.4233,86.6
Trek Emonda,Zwift 32mm Carbon,Road,0,0,183,75,150,19.0397,10.3,,,,,,,,,19.1972,40.1,4.8428,43.1,,,,,,,,,4.9286,107.7
Specialized Venge 2015,Zwift 32mm Carbon,Road,"461,500",18,183,75,300,24.9995,60.3,25.0799,72.1,25.0922,73.9,25.1717,85.5,25.1939,88.8,25.1949,88.9,9.2416,15.5,9.2450,16.8,9.3047,40.2,9.3317,50.7,9.3341,51.7,9.3325,51.1
Trek Emonda SL,Zwift 32mm Carbon,Road,"560,300",25,183,75,150,19.0363,9.6,,,,,,,,,19.1942,39.6,4.8334,36.0,,,,,,,,,4.9186,100.1
Specialized Venge S-Works 2019,Zwift 32mm Carbon,Road,"1,200,000",37,183,75,300,25.0169,62.8,25.0991,74.9,25.1072,76.1,25.1877,87.8,25.2149,91.8,25.2150,91.8,9.2942,36.1,9.2986,37.8,9.3366,52.7,9.3664,64.3,9.3682,65.0,9.3869,72.3
Trek Madone,Zwift 32mm Carbon,Road,"1,050,000",34,183,75,150,19.2865,57.1,,,,,,,,,19.4788,93.5,4.8151,22.3,,,,,,,,,4.8659,60.5
Trek Emonda,Zwift 32mm Carbon,Road,0,0,183,75,300,24.6498,9.1,24.6897,14.9,24.7044,17.1,24.7803,28.2,24.7930,30.1,24.7945,30.3,9.3059,40.6,9.3078,41.4,9.3975,76.5,9.4264,87.8,9.4261,87.7,9.4564,99.5
Trek Speed Concept SLR 9,Zwift 32mm Carbon,TT,"670,500",22,183,75,150,19.8293,33.5,,,,,,,,,20.1573,88.7,4.6462,-23.1,,,,,,,,,4.6788,2.0
Trek Emonda SL,Zwift 32mm Carbon,Road,"560,300",25,183,75,300,24.6480,8.8,24.6983,16.2,24.7179,19.1,24.7938,30.2,24.7953,30.4,24.7909,29.8,9.2899,34.4,9.2916,35.1,9.4137,82.8,9.4381,92.4,9.4404,93.3,9.4389,92.7
Trek Super Caliber,Zwift Mountain,MTB,"750,000",38,183,75,150,17.1353,-350.8,,,,,,,,,17.3117,-317.4,4.2900,-372.8,,,,,,,,,4.3615,-319.0
Trek Madone,Zwift 32mm Carbon,Road,"1,050,000",34,183,75,300,24.9810,57.6,25.0622,69.5,25.0710,70.8,25.1504,82.4,25.1753,86.0,25.1762,86.2,9.2699,26.6,9.2734,27.9,9.3114,42.8,9.3409,54.3,9.3423,54.9,9.3628,62.9
Uranium Nuclear,Zwift 32mm Carbon,Road,"700,000",31,183,75,150,19.2292,46.2,,,,,,,,,19.4202,82.4,4.8209,26.6,,,,,,,,,4.8713,64.5
Uranium Nuclear,Zwift 32mm Carbon,Road,"700,000",31,183,75,300,24.9070,46.8,24.9857,58.3,24.9971,59.9,25.0756,71.4,25.1002,75.0,25.0983,74.8,9.2761,29.0,9.2805,30.7,9.3395,53.8,9.3688,65.3,9.3704,65.9,9.3711,66.2
VanRysel RCR Pro,Zwift 32mm Carbon,Road,"1,400,000",21,183,75,300,24.9885,58.7,25.0707,70.7,25.0783,71.8,25.1527,82.7,25.1858,87.6,25.1860,87.6,9.3283,49.4,9.3300,50.1,9.3901,73.6,9.4186,84.7,9.4214,85.8,9.4218,86.0
VanRysel RCR-F,Zwift 32mm Carbon,Road,"1,500,000",35,183,75,300,25.0023,60.7,25.0825,72.4,25.0884,73.3,25.1676,84.9,25.1994,89.6,25.1979,89.3,9.3060,40.7,9.3069,41.0,9.3451,56.0,9.3746,67.5,9.3760,68.1,9.3962,76.0
VanRysel EDR CF,Zwift 32mm Carbon,Road,"144,100",7,183,75,150,19.0277,8.0,,,,,,,,,19.2140,43.3,4.8040,13.9,,,,,,,,,4.8545,51.9
VanRysel EDR CF,Zwift 32mm Carbon,Road,"144,100",7,183,75,300,24.6401,7.7,24.7151,18.7,24.7266,20.3,24.8046,31.8,24.8269,35.0,24.8252,34.8,9.2382,14.2,9.2436,16.3,9.3017,39.0,9.3282,49.4,9.3308,50.4,9.3283,49.4
VanRysel RCR Pro,Zwift 32mm Carbon,Road,,,183,75,150,19.2823,60.4,,-3600.0,,-3600.0,,-3600.0,,-3600.0,,-3600.0,4.8482,47.2,,-3600.0,,-3600.0,,-3600.0,,-3600.0,,-3600.0
Ventum NS1,Zwift 32mm Carbon,Road,"750,000",30,183,75,300,24.9209,48.8,24.9996,60.3,25.0111,62.0,25.0904,73.6,25.1156,77.3,25.1120,76.8,9.2295,10.8,9.2343,12.6,9.2910,34.8,9.3200,46.2,9.3216,46.8,9.3222,47.0
Wilier Filante SLR ID2,Zwift 32mm Carbon,Road,"1,700,000",40,183,75,300,25.0034,62.9,25.0829,74.6,25.0886,75.4,25.1694,87.2,25.1976,91.4,25.1992,91.6,9.3097,42.5,9.3162,45.0,9.3575,61.2,9.3850,72.0,9.3838,71.5,9.4066,80.4
VanRysel RCR-F,Zwift 32mm Carbon,Road,,,183,75,150,19.2906,62.0,,-3600.0,,-3600.0,,-3600.0,,-3600.0,,-3600.0,4.8347,37.0,,-3600.0,,-3600.0,,-3600.0,,-3600.0,,-3600.0
Zwift Aero,Zwift 32mm Carbon,Road,"250,000",9,183,75,300,24.9162,48.1,25.0170,62.9,25.0302,64.8,25.1098,76.4,25.1103,76.5,25.1064,75.9,9.2186,6.5,9.2271,9.8,9.2857,32.7,9.3114,42.8,9.3120,43.0,9.3121,43.1
VanRysel RCR-X,Zwift 32mm Carbon,TT,,,183,75,150,19.8728,41.5,,,,,,,,,,,4.6987,17.3,,,,,,,,,,
Zwift Atomic Cruiser,Zwift 32mm Carbon,Road,0,0,183,75,300,24.4727,-16.8,24.5713,-2.4,24.5817,-0.9,24.6596,10.5,24.6578,10.3,24.6537,9.7,9.0887,-44.3,9.0926,-42.8,9.1502,-20.3,9.1754,-10.4,9.1770,-9.8,9.1753,-10.4
Ventum NS1,Zwift 32mm Carbon,Road,"750,000",30,183,75,150,19.2382,47.9,,,,,,,,,19.4287,84.0,4.7924,5.2,,,,,,,,,4.8431,43.3
Zwift Buffalo Fahrrad,Zwift 32mm Carbon,Road,"9,500",40,183,75,300,24.2350,-51.6,24.3317,-37.5,24.3422,-35.9,24.4201,-24.5,24.4203,-24.5,24.4169,-25.0,8.9041,-116.5,8.9076,-115.2,8.9618,-94.0,8.9904,-82.8,8.9890,-83.3,8.9907,-82.7
Ventum One,Zwift 32mm Carbon,TT,"440,800",25,183,75,150,19.7816,24.8,,,,,,,,,20.0188,63.4,4.6588,-13.4,,,,,,,,,4.7082,24.6
Zwift Carbon,Zwift 32mm Carbon,Road,"55,000",3,183,75,300,24.5877,0.0,24.6858,14.4,24.6920,15.3,24.7714,26.9,24.7713,26.9,24.7690,26.5,9.2020,0.0,9.2099,3.1,9.2686,26.1,9.2961,36.8,9.2971,37.2,9.2964,36.9
Zwift TT,Zwift 32mm Carbon,TT,"60,000",4,183,75,300,25.5238,0.0,25.7563,32.8,25.7630,33.7,25.8503,46.1,25.8509,46.1,25.8470,45.6,9.0441,0.0,9.0528,3.5,9.0816,14.9,9.1100,26.2,9.1127,27.3,9.1109,26.6
Zwift Big Wheel,Zwift Zwift Trike,Funny,,,183,75,300,24.5728,-2.2,24.6709,12.2,24.6839,14.1,24.7619,25.5,24.7604,25.3,24.7593,25.1,9.1104,-35.8,9.1144,-34.3,9.1728,-11.4,9.2000,-0.8,9.2001,-0.7,9.2005,-0.6
Wilier Filante SLR ID2 Team,Zwift 32mm Carbon,Road,,,183,75,150,19.2872,61.4,,-3600.0,,-3600.0,,-3600.0,,-3600.0,25.1984,91.5,4.8386,39.9,,-3600.0,,-3600.0,,-3600.0,,-3600.0,,-3600.0
Zwift Safety,Zwift 32mm Carbon,Road,"3,550,000",44,183,75,300,24.5448,-6.3,24.6451,8.4,24.6549,9.8,24.7335,21.3,24.7318,21.1,24.7306,20.9,9.0912,-43.3,9.0953,-41.7,9.1521,-19.5,9.1798,-8.7,9.1785,-9.2,9.1799,-8.6
Brompton P Line,Brompton P Line,Funny,"600,000",10,183,75,300,24.5344,-7.8,,,,,24.7228,19.8,,,,,8.9553,-96.5,,,9.0147,-73.3,9.0430,-62.2,,,,
Zwift Aero,Zwift 32mm Carbon,Road,"250,000",9,183,75,150,19.2299,46.3,,,,,,,,,19.4225,82.8,4.7881,2.0,,,,,,,,,4.8380,39.5
Cervelo Aspero 5,Zwift Gravel,Gravel,"1,250,000",35,183,75,300,23.8428,-109.1,23.8999,-100.7,23.9103,-99.2,23.9913,-87.3,24.0144,-83.9,24.0146,-83.9,8.8521,-136.9,8.8594,-134.0,8.8954,-119.9,8.9237,-108.9,8.9243,-108.6,8.9428,-101.4
Cannondale SuperX LAB71,Zwift Gravel,Gravel,"1,000,000",28,183,75,300,23.8201,-112.4,23.8909,-102.0,23.9008,-100.6,23.9813,-88.8,24.0041,-85.4,24.0080,-84.9,8.8985,-118.7,8.8994,-118.4,8.9372,-103.6,8.9641,-93.1,8.9661,-92.3,8.9858,-84.6
Pinarello Dogma GR,Zwift Gravel,Gravel,"1,100,000",30,183,75,300,23.8171,-112.8,23.8891,-102.3,23.8995,-100.8,23.9797,-89.0,24.0032,-85.6,24.0029,-85.6,8.8900,-122.1,8.8950,-120.1,8.9324,-105.5,8.9594,-94.9,8.9608,-94.4,8.9811,-86.4
Canyon Grail SLX,Zwift Gravel,Gravel,"800,000",10,183,75,300,23.8144,-113.2,23.8843,-103.0,23.8955,-101.3,23.9754,-89.6,23.9970,-86.5,24.0025,-85.7,8.8810,-125.6,8.8845,-124.2,8.9223,-109.4,8.9498,-98.7,8.9514,-98.0,8.9694,-91.0
Cervelo Aspero,Zwift Gravel,Gravel,"800,000",32,183,75,300,23.8012,-115.2,23.8539,-107.4,23.8726,-104.7,23.9498,-93.4,23.9775,-89.3,23.9767,-89.5,8.8446,-139.8,8.8472,-138.8,8.9076,-115.2,8.9317,-105.7,8.9333,-105.1,8.9321,-105.6
Specialized Diverge 4,Zwift Gravel,Gravel,"400,000",12,183,75,300,23.7791,-118.4,23.8501,-108.0,23.8685,-105.3,23.9495,-93.4,23.9738,-89.9,23.9733,-90.0,8.8225,-148.5,8.8292,-145.8,8.8853,-123.9,8.9102,-114.2,8.9128,-113.1,8.9136,-112.8
Specialized Crux,Zwift Gravel,Gravel,"950,000",35,183,75,300,23.7575,-121.6,23.8126,-113.5,23.8232,-111.9,23.9028,-100.3,23.9257,-96.9,23.9299,-96.3,8.8902,-122.0,8.8944,-120.3,8.9325,-105.4,8.9578,-95.5,8.9597,-94.8,8.9786,-87.4
Canyon Grail,Zwift Gravel,Gravel,"750,000",26,183,75,300,23.7226,-126.7,23.7750,-119.0,23.7910,-116.6,23.8726,-104.7,23.8975,-101.1,23.8939,-101.6,8.8838,-124.5,8.8854,-123.9,8.9446,-100.7,8.9709,-90.4,8.9728,-89.7,8.9714,-90.2
Liv Devote Advanced Pro,Zwift Gravel,Gravel,"450,000",17,183,75,300,23.7043,-129.3,23.7577,-121.5,23.7755,-118.9,23.8555,-107.2,23.8803,-103.6,23.8792,-103.7,8.8312,-145.1,8.8358,-143.3,8.8907,-121.8,8.9166,-111.7,8.9188,-110.8,8.9182,-111.0
Zwift Atomic Cruiser,Zwift 32mm Carbon,Road,0,0,183,75,150,18.8929,-17.6,,,,,,,,,19.0755,17.0,4.7206,-48.8,,,,,,,,,4.7700,-11.7
Giant Revolt Advanced Pro,Zwift Gravel,Gravel,"475,000",23,183,75,300,23.7033,-129.5,23.7585,-121.4,23.7757,-118.9,23.8552,-107.2,23.8802,-103.6,23.8749,-104.4,8.8307,-145.3,8.8331,-144.3,8.8917,-121.4,8.9177,-111.2,8.9203,-110.2,8.9188,-110.8
Specialized Diverge,Zwift Gravel,Gravel,"300,000",14,183,75,300,23.6971,-130.4,23.7506,-122.6,23.7666,-120.2,23.8480,-108.3,23.8720,-104.8,23.8714,-104.9,8.8038,-155.8,8.8072,-154.5,8.8625,-132.8,8.8896,-122.2,8.8899,-122.1,8.8891,-122.4
Allied Able,Zwift Gravel,Gravel,"550,000",23,183,75,300,23.6542,-136.7,23.7064,-129.0,23.7251,-126.3,23.8054,-114.5,23.8279,-111.2,23.8236,-111.9,8.8482,-138.4,8.8526,-136.7,8.9112,-113.8,8.9362,-104.0,8.9380,-103.3,8.9363,-103.9
Canyon Inflite,Zwift Gravel,Gravel,"200,000",8,183,75,300,23.6401,-138.7,23.7161,-127.6,23.7343,-125.0,23.8190,-112.5,23.8148,-113.2,23.8098,-113.9,8.7962,-158.8,8.7996,-157.4,8.8569,-135.0,8.8837,-124.5,8.8815,-125.4,8.8838,-124.5
Zwift Gravel,Zwift Gravel,Gravel,"50,000",2,183,75,300,23.5946,-145.4,23.6684,-134.6,23.6830,-132.5,23.7608,-121.1,23.7630,-120.7,23.7640,-120.6,8.7883,-161.8,8.7927,-160.1,8.8490,-138.1,8.8759,-127.6,8.8769,-127.2,8.8758,-127.6
Zwift Steel,Zwift 32mm Carbon,Road,0,1,183,75,300,24.5527,-5.1,24.6488,8.9,24.6580,10.3,24.7364,21.8,24.7369,21.8,24.7355,21.6,9.1253,-30.0,9.1311,-27.7,9.1875,-5.7,9.2150,5.1,9.2157,5.4,9.2168,5.8
Lauf True Grit,Zwift Gravel,Gravel,"125,000",5,183,75,300,23.5718,-148.7,23.6223,-141.3,23.6410,-138.6,23.7220,-126.8,23.7444,-123.5,23.7420,-123.8,8.7159,-190.2,8.7184,-189.2,8.7733,-167.7,8.7989,-157.7,8.7998,-157.3,8.8004,-157.1
Scott Spark RC World Cup,Zwift Mountain,MTB,"750,000",20,183,75,300,23.0885,-219.5,23.1207,-214.8,23.1496,-210.6,23.2304,-198.7,23.2408,-197.2,23.2471,-196.3,8.3259,-342.7,8.3277,-342.0,8.4057,-311.5,8.4303,-301.9,8.4317,-301.4,8.4574,-291.3
Trek Super Caliber,Zwift Mountain,MTB,"750,000",38,183,75,300,23.0878,-219.6,23.1196,-215.0,23.1489,-210.7,23.2288,-199.0,23.2386,-197.5,23.2478,-196.2,8.3215,-344.5,8.3231,-343.8,8.4018,-313.1,8.4262,-303.5,8.4268,-303.3,8.4538,-292.7
Specialized Epic S-Works,Zwift Mountain,MTB,"950,000",29,183,75,300,23.0658,-222.8,23.0992,-217.9,23.1291,-213.6,23.2103,-201.7,23.2190,-200.4,23.2256,-199.4,8.2926,-355.8,8.2939,-355.3,8.3715,-324.9,8.3955,-315.5,8.3957,-315.4,8.4230,-304.8
Canyon Lux,Zwift Mountain,MTB,"275,000",11,183,75,300,23.0617,-223.4,23.0953,-218.5,23.1335,-212.9,23.2141,-201.1,23.2225,-199.9,23.2211,-200.1,8.2794,-360.9,8.2805,-360.5,8.3848,-319.7,8.4083,-310.5,8.4093,-310.1,8.4079,-310.7
Zwift Mountain,Zwift Mountain,MTB,"50,000",2,183,75,300,23.0409,-226.5,23.0855,-219.9,23.1229,-214.5,23.2057,-202.3,23.2044,-202.5,23.2034,-202.7,8.2549,-370.5,8.2552,-370.4,8.3571,-330.5,8.3821,-320.8,8.3813,-321.1,8.3813,-321.1
Scott Spark RC,Zwift Mountain,MTB,"350,000",20,183,75,300,23.0384,-226.8,23.0710,-222.1,23.1090,-216.5,23.1892,-204.8,23.1990,-203.3,23.1977,-203.5,8.3049,-351.0,8.3057,-350.6,8.4083,-310.5,8.4330,-300.8,8.4340,-300.5,8.4340,-300.5
Zwift Big Wheel,Zwift Zwift Trike,Funny,,,183,75,150,18.9665,-3.6,,,,,,,,,19.1531,31.8,4.7323,-40.0,,,,,,,,,4.7819,-2.7
Zwift BMX Bandit,Zwift BMX Bandit,Funny,"550,000",0,183,75,150,18.9945,1.7,,,,,,,,,19.1886,38.5,4.4448,-256.3,,,,,,,,,4.4896,-222.6
Zwift Buffalo Fahrrad,Zwift 32mm Carbon,Road,"9,500",40,183,75,150,18.7021,-53.8,,,,,,,,,18.8821,-19.6,4.6210,-123.7,,,,,,,,,4.6683,-88.2
Zwift Carbon,Zwift 32mm Carbon,Road,"55,000",3,183,75,150,18.9858,0.0,,,,,,,,,19.1721,35.4,4.7855,0.0,,,,,,,,,4.8368,38.6
Zwift Concept Z1,Zwift Concept,Halo,0,,183,75,150,19.5754,111.8,,,,,,,,,19.7750,149.7,4.8157,22.7,,,,,,,,,4.8662,60.7
Zwift Gravel,Zwift Gravel,Gravel,"50,000",2,183,75,150,17.7006,-243.7,,,,,,,,,17.8836,-209.0,4.5483,-178.4,,,,,,,,,4.5952,-143.2
Zwift Handcycle,Zwift Handcycle,Handcycle,0,0,183,75,150,19.5744,111.6,,,,,,,,,19.7979,154.0,4.1763,-458.3,,,,,,,,,4.2166,-428.0
Zwift Mountain,Zwift Mountain,MTB,"50,000",2,183,75,150,17.0913,-359.2,,,,,,,,,17.2683,-325.6,4.2526,-400.9,,,,,,,,,4.3232,-347.8
Zwift Safety,Zwift 32mm Carbon,Road,"3,550,000",44,183,75,150,18.9463,-7.5,,,,,,,,,19.1322,27.8,4.7215,-48.1,,,,,,,,,4.7707,-11.1
Zwift Steel,Zwift 32mm Carbon,Road,0,1,183,75,150,18.9517,-6.4,,,,,,,,,19.1372,28.7,4.7413,-33.3,,,,,,,,,4.7902,3.5
Zwift TT,Zwift 32mm Carbon,TT,"60,000",4,183,75,150,19.6464,0.0,,,,,,,,,19.9638,53.3,4.6762,0.0,,,,,,,,,4.7099,25.9
Wilier Filante SLR ID2 NEW,Zwift 32mm Carbon,Road,,,183,75,300,25.0015,62.6,,-3600.0,,-3600.0,,-3600.0,,-3600.0,,-3600.0,9.3104,42.8,,-3600.0,,-3600.0,,-3600.0,,-3600.0,,-3600.0
Canyon Aeroad CFR NEW,Zwift 32mm Carbon,Road,,,183,75,300,25.0063,63.3,,-3600.0,,-3600.0,,-3600.0,,-3600.0,25.2066,92.7,9.3150,44.6,,-3600.0,,-3600.0,,-3600.0,,-3600.0,,-3600.0
